ISS,Funding, Requirement,Funding, Requirement,Funding,Requirements,Funding,Requirements,Funding,Requirements,Funding,Requirements,Funding,Requirements,Funding,Requirements,Funding,Requirements,Funding,Requirements,Funding,Requirements,Funding,Requirements,Funding,Requirements
100,0,0,0,0,0,0,0,0,0,0,0,0,0,0,-1074,57,-1885,97,0,0,0,0,0,0,0,0
100,0,0,534,0,0,0,0,0,0,0,0,0,0,0,0,0,0,0,0,0,0,0,0,0,0,0
100,0,0,0,1671,1558,1359,170,170,171,350,2992,577,167,1018,612,948,702,829,551,0,578,0,597,0,599,0
100,0,0,0,0,1653,0,0,0,0,0,0,0,0,0,0,0,0,0,0,0,0,0,0,0,0,0
100,0,0,0,0,0,0,0,0,15,0,0,0,0,0,0,0,0,0,0,0,0,0,0,0,0,0
100,0,0,232,18105,199,21099,182,478,434,434,652,622,424,630,354,582,532,604,265,0,270,0,343,0,350,0
100,0,0,0,9649,1170,10084,5843,5936,5303,10720,8654,8909,751,790,845,851,859,900,0,0,0,0,0,0,0,0
100,0,0,0,973,0,0,0,0,0,0,0,0,0,0,0,0,0,0,0,0,0,0,0,0,0,0
100,0,0,1102,7185,973,4133,3877,3877,2056,3412,2956,2434,1527,2498,1662,3386,4380,9778,7951,0,7867,0,7763,0,7537,0
100,0,0,245260,143543,270598,118839,97081,117484,425494,222256,86790,180176,124916,175274,108252,151275,109703,147712,41860,0,41953,0,41986,0,42174,0
100,0,0,8600,26413,5406,9770,5358,5417,10291,10076,10326,11447,11805,11141,11882,12567,12339,12797,7828,0,7939,0,8077,0,8236,0
100,0,0,0,0,82,0,0,0,0,0,184,156,0,157,940,294,0,0,0,0,0,0,0,0,0,0
100,0,0,255,1817,185,1679,464,464,474,948,498,684,494,894,780,944,513,513,0,0,0,0,0,0,0,0
100,0,0,0,499,19407,405,0,0,0,0,0,0,0,0,0,0,0,0,0,0,0,0,0,0,0,0
100,0,0,0,0,0,0,368,368,1111,810,407,407,412,824,707,838,426,426,0,0,0,0,0,0,0,0
100,0,0,245,1879,331,1919,1938,1938,0,0,0,0,0,0,0,0,0,0,0,0,0,0,0,0,0,0
100,0,0,0,0,0,0,0,0,1186,0,1905,0,0,0,0,0,0,0,0,0,0,0,0,0,0,0
106,0,0,0,0,0,0,0,0,0,0,0,0,0,0,-231,12,-471,24,0,0,0,0,0,0,0,0
106,0,0,5,286,0,10567,0,0,492,492,526,502,500,506,441,517,477,533,213,0,218,0,277,0,283,0
106,0,0,22853,25439,12142,12788,11919,19018,14030,38040,13854,36211,32979,39356,33793,40745,32228,39515,16123,0,17314,0,16220,0,16129,0
106,0,0,319,1266,424,919,590,590,1190,1060,1249,1145,910,1296,1199,1336,1197,1343,661,0,676,0,681,0,697,0
106,0,0,56,0,44,0,0,0,0,0,0,0,0,0,0,0,0,0,0,0,0,0,0,0,0,0
107,0,0,0,0,0,0,0,0,0,0,0,0,0,0,-461,25,-866,44,0,0,0,0,0,0,0,0
107,0,0,0,0,0,0,596,596,598,1224,603,1337,611,1659,620,636,627,647,0,0,0,0,0,0,0,0
107,0,0,234,409,0,416,0,149,124,124,96,96,99,99,82,82,85,85,0,0,0,0,0,0,0,0
107,0,0,21254,24030,8404,23109,18885,21516,17797,42894,17981,39862,56945,42417,49869,51783,48053,50324,28971,0,28653,0,28499,0,28661,0
107,0,0,2239,3615,840,3575,2018,2018,3662,3376,3812,3573,3230,3838,3554,4122,3730,4135,2107,0,1943,0,2173,0,1617,0
107,0,0,95,76,0,89,93,93,96,192,99,198,102,306,247,311,107,107,0,0,0,0,0,0,0,0
107,0,0,0,0,0,0,0,0,165,330,362,334,169,411,418,418,173,173,0,0,0,0,0,0,0,0
108,0,0,5,245,0,250,39,39,80,80,73,70,0,25,0,20,21,21,0,0,0,0,0,0,0,0
108,0,0,339,0,207,443,1550,1550,615,3194,429,2449,774,2347,1093,2495,1200,2548,776,0,734,0,836,0,848,0
108,0,0,724,1578,14,696,1017,1097,553,1106,350028,833,766,766,868,868,789,789,0,0,0,0,0,0,0,0
108,0,0,793,506,143,588,260,260,484,536,488,853,724,976,487,549,522,568,274,0,281,0,293,0,318,0
108,0,0,0,0,0,0,0,0,115,230,117,234,119,292,174,174,123,123,0,0,0,0,0,0,0,0
108,0,0,1018,0,0,0,0,0,0,0,0,0,0,0,0,0,0,0,0,0,0,0,0,0,0,0
108,0,0,0,0,0,0,0,0,27,54,27,54,28,55,47,55,29,29,0,0,0,0,0,0,0,0
109,0,0,0,0,0,0,0,0,0,0,0,0,0,0,-231,12,-707,37,0,0,0,0,0,0,0,0
109,0,0,0,0,0,0,170,170,173,350,174,381,175,493,431,461,476,480,302,0,310,0,320,0,325,0
109,0,0,6,0,0,0,212,577,1170,2660,758,1894,344,1922,1289,2656,1521,2551,1222,0,1226,0,1078,0,1099,0
109,0,0,1147,0,0,0,0,0,1607,2180,1116,2834,2076,2593,2583,2926,2789,2987,1817,0,1812,0,1854,0,1879,0
109,0,0,17382,10274,7641,9469,15361,22544,13293,29086,13475,27161,33233,28160,32716,33316,32281,33233,13890,0,13704,0,13528,0,13577,0
109,0,0,149,0,0,0,1000,1000,2031,1740,2069,1228,1246,1355,1262,1263,1230,1253,228,0,232,0,212,0,218,0
109,0,0,17,0,17,0,0,0,0,0,0,0,0,0,0,0,0,0,0,0,0,0,0,0,0,0
109,0,0,55,0,0,0,0,0,0,0,0,48,0,46,53,55,0,0,0,0,0,0,0,0,0,0
109,0,0,0,0,0,0,0,0,140,280,142,284,144,366,273,273,148,148,0,0,0,0,0,0,0,0
109,0,0,17,0,0,0,0,0,0,0,0,60,0,60,59,70,0,0,0,0,0,0,0,0,0,0
109,0,0,0,0,0,0,0,0,9,18,9,18,9,30,24,31,10,10,0,0,0,0,0,0,0,0
111,0,0,0,0,0,0,0,0,0,0,0,0,0,0,-231,12,-547,31,0,0,0,0,0,0,0,0
111,0,0,0,0,259,265,255,255,2088,522,258,573,262,601,594,659,672,680,415,0,426,0,439,0,463,0
111,0,0,7296,6644,4123,16770,12399,13725,12011,27224,11797,26850,27562,31480,24424,25676,24134,26403,11403,0,11618,0,11830,0,11891,0
111,0,0,0,0,287,613,648,648,866,1204,878,1165,1026,1085,1076,1198,1086,1219,605,0,563,0,574,0,636,0
111,0,0,0,0,0,88,93,93,96,192,99,198,102,344,250,365,107,107,0,0,0,0,0,0,0,0
111,0,0,0,0,0,106,0,0,0,0,0,0,0,0,0,0,0,0,0,0,0,0,0,0,0,0
111,0,0,0,0,0,0,106,106,112,224,112,112,114,228,194,231,116,116,0,0,0,0,0,0,0,0
111,0,0,0,0,0,0,0,0,455,500,253,506,256,602,487,411,262,262,0,0,0,0,0,0,0,0
112,0,0,0,0,0,0,0,0,0,0,0,0,0,0,-617,31,-944,49,0,0,0,0,0,0,0,0
112,0,0,445,0,0,0,0,0,0,0,0,0,0,0,0,0,0,0,0,0,0,0,0,0,0,0
112,0,0,0,0,173,177,511,511,511,1048,517,1144,522,1556,1255,1418,1444,1461,932,0,930,0,961,0,988,0
112,0,0,12339,0,12619,0,5506,15184,42011,36614,38816,47237,35072,46400,38176,44956,43799,45397,23811,0,24092,0,25347,0,25087,0
112,0,0,388,0,0,0,0,0,0,0,0,0,328,0,0,0,0,0,0,0,0,0,0,0,0,0
112,0,0,2862,0,0,0,0,0,0,0,0,2189,278,1256,1245,1550,1390,1572,1605,0,1665,0,1695,0,1693,0
112,0,0,28963,14762,14724,13934,29921,30239,28264,57528,27932,55811,56121,60703,50948,59589,51457,54397,25561,0,25238,0,25282,0,25435,0
112,0,0,1149,0,286,615,3353,3353,5348,5728,5368,4687,4113,5983,4153,4919,3921,4925,1713,0,1754,0,1624,0,1753,0
112,0,0,0,0,0,0,0,0,0,0,0,0,155,0,0,0,0,0,0,0,0,0,0,0,0,0
112,0,0,0,0,0,88,93,93,96,192,99,198,102,308,250,315,107,107,0,0,0,0,0,0,0,0
112,0,0,0,0,0,8,0,0,0,0,0,0,0,0,0,0,0,0,0,0,0,0,0,0,0,0
112,0,0,0,0,0,0,10,10,14,28,14,14,13,26,27,32,16,16,0,0,0,0,0,0,0,0
112,0,0,0,0,0,0,0,0,150,300,152,304,382,349,251,251,158,158,0,0,0,0,0,0,0,0
112,0,0,0,0,0,0,0,0,0,0,0,0,84,0,0,0,0,0,0,0,0,0,0,0,0,0
113,0,0,0,0,0,0,0,0,0,0,0,0,0,0,-981,49,-1845,94,0,0,0,0,0,0,0,0
113,0,0,4984,0,87,88,86,86,178,198,99,99,101,101,102,102,105,105,0,0,0,0,0,0,0,0
113,0,0,0,185,0,201,0,0,0,0,0,0,0,0,0,0,0,0,0,0,0,0,0,0,0,0
113,0,0,12040,15436,10022,17534,10159,28948,2462,55394,12584,42351,7782,43171,9117,42381,17765,44234,13379,0,13390,0,14994,0,14837,0
113,0,0,2710,37,733,37,0,0,0,0,0,0,0,0,0,0,0,0,0,0,0,0,0,0,0,0
113,0,0,58596,39195,33668,59028,44177,53923,46039,108444,45739,109253,106427,101749,95861,102176,95028,95691,51045,0,47276,0,48410,0,51039,0
113,0,0,5109,47564,17371,46418,2231,16381,9097,12376,9728,12147,10841,12129,10715,12459,10968,12129,5231,0,5309,0,5315,0,5434,0
113,0,0,0,418,300,427,413,413,623,880,448,788,457,1037,873,874,473,475,0,0,0,0,0,0,0,0
113,0,0,0,0,57,0,0,0,0,0,0,0,0,0,0,0,0,0,0,0,0,0,0,0,0,0
121,0,0,0,0,0,0,0,0,0,0,0,0,0,0,-770,39,-1338,68,0,0,0,0,0,0,0,0
121,0,0,0,0,0,0,84,227,0,188,0,288,0,146,0,0,0,0,0,0,0,0,0,0,0,0
121,0,0,0,405,36,153,78,78,95,162,68,82,73,83,72,84,71,85,0,0,0,0,0,0,0,0
121,0,0,56433,36476,27034,55717,36319,46569,33574,82418,33719,78309,68172,80437,56385,67719,56879,66432,25210,0,25501,0,25493,0,25569,0
121,0,0,2500,4077,1621,3550,461,461,884,3864,890,5931,4608,5145,3478,4046,3723,4202,2244,0,2220,0,2104,0,2350,0
121,0,0,0,0,0,0,0,0,0,0,0,78,0,274,151,151,0,0,0,0,0,0,0,0,0,0
122,0,0,0,0,0,0,0,0,0,0,0,0,0,0,-4283,143,-8154,273,0,0,0,0,0,0,0,0
122,0,0,653,669,652,675,650,673,1298,1360,2334,2414,2491,3261,2645,3076,2752,3168,2023,0,2059,0,2096,0,2149,0
122,0,0,111,153,0,159,160,162,163,566,163,572,163,576,166,293,169,298,0,0,0,0,0,0,0,0
122,0,0,185271,186182,64339,187833,112720,166161,259285,346114,259528,298097,265735,294963,259141,283883,261604,282419,118772,0,119224,0,121323,0,123837,0
122,0,0,9714,9416,9834,9623,9624,11337,16536,19234,17782,19721,17472,20036,20285,21437,19672,20205,10394,0,10455,0,10611,0,10864,0
200,0,0,0,0,0,0,0,0,0,0,0,0,0,0,-231,12,-472,24,0,0,0,0,0,0,0,0
200,0,0,890,0,0,0,0,0,0,0,0,0,0,0,0,0,0,0,0,0,0,0,0,0,0,0
200,0,0,0,0,0,0,0,0,0,0,0,0,0,428,0,329,0,250,0,0,0,0,0,0,0,0
200,0,0,0,0,0,0,0,2250,6401,17022,4311,13940,7567,19701,17207,26366,13526,25005,14919,0,14934,0,15934,0,14934,0
200,0,0,0,0,0,0,0,0,0,0,0,0,0,0,0,0,4708,4708,4732,0,0,0,0,0,0,0
200,0,0,49322,0,24128,0,26058,71314,30349,139928,30117,143450,26349,108565,37456,142156,42544,92153,17589,0,17393,0,17732,0,18111,0
200,0,0,189380,120342,58077,115794,43764,69768,117428,101244,46357,73040,132106,124517,108928,119488,92774,115217,47079,0,46835,0,46863,0,46900,0
200,0,0,0,0,14,0,0,0,24097,48194,112457,78972,44492,72750,92360,93276,64434,64434,18389,0,18731,0,19085,0,19430,0
200,0,0,43,0,0,0,361,3068,846,3160,515,2562,1967,2733,2840,3589,2640,3904,632,0,643,0,654,0,664,0
200,0,0,1848,8457,2877,8584,5429,5429,4478,9266,3165,7054,3331,7743,2833,8115,4524,7925,3084,0,3108,0,3110,0,3114,0
201,0,0,0,0,0,0,0,0,0,0,0,0,0,0,-457,0,-963,0,0,0,0,0,0,0,0,0
201,0,0,0,0,0,0,0,0,0,0,0,0,0,0,-486,0,-827,0,0,0,0,0,0,0,0,0
201,0,0,0,0,0,0,0,0,2562,8434,2794,4489,1806,4422,2562,4006,2719,8404,873,0,910,0,915,0,934,0
201,16956,0,39820,43766,35898,35344,34151,38171,64293,85474,67871,81215,63682,92939,50363,77692,61090,86160,44614,0,44565,0,24476,0,25088,0
201,0,0,0,0,0,0,0,0,1452,0,1569,0,1900,0,1900,0,1730,2415,1740,0,1750,0,1760,0,1770,0
201,0,0,0,0,0,0,0,0,10648,11804,9821,11354,12108,11546,9520,11191,8074,6158,1313,0,1391,0,1436,0,1469,0
201,0,8810,0,0,0,0,0,0,4481,4862,4823,4968,4706,7724,4381,7218,16316,19314,14248,0,14296,0,14224,0,10827,0
201,8358,19659,17232,18332,5404,12221,9732,10869,16641,21912,16109,18535,15885,18816,15888,18918,14779,20900,6100,0,6225,0,6325,0,6550,0
201,4860,3559,2027,1923,661,605,1120,1120,83890,90942,81408,89945,75955,91710,83143,86115,78134,82223,39202,0,40001,0,41388,0,42337,0
201,1201,1650,369,379,189,180,127,127,25663,26974,23278,27388,20482,26254,22422,22422,19589,18789,10668,0,11004,0,11265,0,11288,0
201,2067,1845,881,803,266,216,167,167,56812,66804,54841,73502,32282,64711,36514,50989,28286,34880,13197,0,14055,0,14650,0,14699,0
201,65,0,0,0,0,0,0,0,1362,1240,1321,1746,1040,1305,1492,1492,1063,1363,715,0,730,0,745,0,763,0
201,14522,10105,4875,4313,919,749,777,777,170474,176224,156642,190418,142181,180093,145696,150696,140953,141983,67422,0,69571,0,74201,0,75680,0
414,202103,71425,73108,57717,49347,61031,53629,55029,211056,219068,234845,216676,159890,194936,170302,172724,155886,166996,60208,0,63815,0,60851,0,66650,0
201,20223,87748,14079,15474,8141,8325,6667,6667,323542,355750,292423,325589,238100,313489,274120,313134,247276,272702,98931,0,102858,0,102514,0,104568,0
201,15582,12375,12650,13457,17010,11106,16009,16009,30395,32634,29708,34024,29000,28288,29236,28217,31591,32519,10607,0,10859,0,11110,0,11261,0
201,0,0,0,0,0,0,0,0,0,0,0,0,0,0,0,1308,1152,1152,1182,0,1229,0,1273,0,1305,0
202,0,0,0,0,0,0,0,0,0,0,0,0,0,2919,2056,3075,2502,3199,2643,0,2814,0,2871,0,2928,0
202,0,0,0,0,0,0,0,0,0,0,498,3952,69,4241,4756,4756,3852,3852,3856,0,3859,0,3862,0,3862,0
250,0,0,0,0,0,46067,0,15557,0,0,0,0,0,0,39,848,64,1387,0,0,0,0,0,0,0,0
250,0,0,0,0,0,0,0,0,12474,4200,18103,22457,16684,30089,21226,21789,18985,18985,16458,0,16609,0,16807,0,16997,0
250,0,0,8,0,2473,4781,3504,4604,0,0,0,0,0,0,0,0,0,0,0,0,0,0,0,0,0,0
250,0,0,0,0,0,0,0,0,0,0,0,0,1,0,0,0,3414,3914,3944,0,4077,0,4156,0,4228,0
250,0,0,0,0,0,0,0,0,0,0,0,0,1,0,0,0,898,398,386,0,400,0,397,0,404,0
250,0,0,8527,5694,7255,5659,27194,27194,52347,54136,23660,52304,39561,40776,29926,30182,29973,30311,7586,0,7726,0,7869,0,8000,0
250,0,0,0,4013,0,4227,2534,3198,2029,5390,20804,5546,2842,7961,8097,8114,8299,8318,5416,0,5498,0,5581,0,5665,0
250,0,0,0,0,0,0,0,0,0,0,0,0,839,1096,1108,2479,1286,1267,1143,0,1164,0,1184,0,1209,0
250,0,0,399,0,0,0,1003,1003,2002,2154,2111,1163,3060,1251,1373,1371,1363,1372,0,0,0,0,0,0,0,0
250,0,0,0,0,2769,2769,4183,4332,0,0,0,0,0,0,0,0,0,0,0,0,0,0,0,0,0,0
250,0,0,0,0,8,0,0,0,0,0,216,0,311,0,0,0,184,184,186,0,193,0,195,0,199,0
250,0,0,0,0,58,0,0,0,0,0,284,0,456,0,0,0,738,738,743,0,768,0,783,0,796,0
250,0,0,0,0,201,0,0,0,0,0,1995,0,2704,0,0,0,738,738,742,0,768,0,783,0,796,0
250,0,0,0,0,15,0,0,0,0,0,0,0,0,0,0,0,0,0,0,0,0,0,0,0,0,0
250,0,0,25618,38894,19826,43474,79805,79805,166167,162834,161881,193404,160082,177955,170524,171910,152769,152769,63034,0,62681,0,64696,0,66126,0
250,0,0,940,1933,646,1076,858,2098,4608,5592,5325,10187,5750,13817,10805,13715,10984,12012,9504,0,9272,0,9219,0,9423,0
250,0,0,0,0,0,0,0,0,0,0,0,189,0,0,0,0,0,0,0,0,0,0,0,0,0,0
250,0,0,0,0,0,0,0,0,0,0,0,1908,0,0,2799,3411,3247,3271,3324,0,3385,0,3430,0,3508,0
250,0,0,406,86,539,1264,0,0,0,0,0,0,0,0,0,0,0,0,0,0,0,0,0,0,0,0
250,0,0,0,0,0,0,0,0,0,0,0,189,0,0,0,0,0,0,0,0,0,0,0,0,0,0
251,0,0,0,0,0,0,0,0,0,0,0,0,0,0,-3071,159,-5891,307,0,0,0,0,0,0,0,0
251,0,0,1802,0,1650,1984,17,17,59,1620,58,1660,30,1700,894,1728,17,879,0,0,0,0,0,0,0,0
251,0,0,70834,75787,85364,86043,80717,82317,153012,170816,136706,170601,133313,172065,156194,175603,167193,167467,71619,0,79379,0,80684,0,82285,0
251,0,0,0,0,0,0,0,0,0,0,0,0,0,0,0,0,0,8520,0,0,0,0,0,0,0,0
251,0,0,0,0,0,0,0,0,0,0,0,0,0,0,0,0,0,1015,0,0,0,0,0,0,0,0
251,0,0,2200,0,0,0,0,0,0,0,0,0,0,0,0,0,0,0,0,0,0,0,0,0,0,0
251,0,0,14198,3069,5047,5317,6044,6070,8685,10344,8948,8902,9619,9188,9032,9319,19152,19703,13925,0,14201,0,14481,0,14785,0
251,0,90,78,93,134,81,88,88,145,180,570,160,313,160,158,165,4316,4316,4282,0,4361,0,4441,0,4513,0
251,0,0,0,0,63,0,0,0,48,0,0,73,14,72,67,74,48,48,49,0,50,0,51,0,52,0
251,0,0,0,0,73,0,0,0,10,0,0,14,273,14,12,15,10,10,10,0,10,0,10,0,10,0
251,0,0,0,0,3,0,0,0,6,0,0,10,0,10,9,10,6,6,7,0,7,0,7,0,7,0
251,0,0,0,0,3,0,0,0,2,0,0,3,2,3,3,3,2,2,2,0,2,0,2,0,2,0
251,0,0,0,0,17,0,0,0,44,0,0,61,0,60,52,61,38,40,40,0,41,0,42,0,42,0
251,0,0,0,0,23,0,0,0,13,0,46,15,42,15,12,15,10,10,10,0,10,0,10,0,11,0
251,0,0,0,0,21,0,0,0,32,0,0,46,16,47,44,49,33,33,34,0,34,0,35,0,36,0
251,0,0,0,0,26,0,0,0,10,0,0,14,67,11,11,13,9,9,9,0,9,0,9,0,9,0
251,266,0,0,0,0,0,0,0,0,0,0,0,0,0,0,0,0,0,0,0,0,0,0,0,0,0
251,0,0,107,78,59,79,82,82,121,168,169,172,135,174,175,176,177,179,89,0,91,0,93,0,95,0
251,0,0,222848,264144,193152,200625,205544,145940,287884,333872,150888,329706,294835,344293,306340,350671,324685,362404,167900,0,172239,0,175485,0,179353,0
251,0,0,202,14039,25016,26391,33405,34317,57536,69522,52302,74054,51102,76016,72275,77371,59427,64600,26886,0,27425,0,27973,0,28530,0
251,0,0,61,21,20,21,22,22,23,46,23,46,25,48,24,24,24,25,0,0,0,0,0,0,0,0
251,0,0,0,0,0,0,0,0,0,0,0,54,0,56,57,57,30,30,31,0,32,0,33,0,34,0
251,0,0,362,362,243,367,349,358,331,662,339,339,347,347,354,354,373,413,0,0,0,0,0,0,0,0
251,0,0,117,57,68,57,57,57,57,114,58,116,59,118,60,60,61,61,0,0,0,0,0,0,0,0
251,0,0,80,1,0,0,0,0,262,0,269,285,286,291,291,297,292,308,308,0,314,0,320,0,326,0
251,0,0,17,0,0,0,0,0,0,0,0,0,0,0,0,0,0,0,0,0,0,0,0,0,0,0
251,0,0,1750,1568,1960,2127,971,1161,989,2326,1012,1186,1036,1208,913,1229,929,1283,0,0,0,0,0,0,0,0
251,0,0,126,0,0,0,0,0,0,0,0,0,0,0,0,0,0,0,0,0,0,0,0,0,0,0
251,0,0,65,0,0,0,0,0,0,0,0,0,0,0,0,0,0,0,0,0,0,0,0,0,0,0
251,0,0,35,0,0,0,0,0,0,0,0,0,0,0,0,0,0,0,0,0,0,0,0,0,0,0
251,0,0,84,84,87,88,87,88,202,180,217,183,208,189,193,193,201,201,107,0,107,0,109,0,112,0
251,0,0,0,0,1,0,0,0,0,0,0,0,0,0,0,0,0,0,0,0,0,0,0,0,0,0
251,0,0,0,0,1,0,0,0,0,0,0,0,0,0,0,0,0,0,0,0,0,0,0,0,0,0
251,0,0,65,0,0,0,0,0,0,0,0,0,0,0,0,0,0,0,0,0,0,0,0,0,0,0
251,0,0,1,0,0,0,0,0,0,0,0,0,0,0,0,0,0,0,0,0,0,0,0,0,0,0
252,0,0,0,0,0,0,0,0,0,0,0,0,0,0,-1074,57,-2121,111,0,0,0,0,0,0,0,0
252,0,0,0,0,0,0,0,0,0,0,0,0,0,0,-231,12,-547,31,0,0,0,0,0,0,0,0
252,0,0,117,118,116,117,117,194,442,382,449,388,454,395,238,556,244,575,124,0,127,0,129,0,132,0
252,0,0,16342,13068,6963,9121,13888,13888,29782,29782,28984,31596,23402,33240,34194,35160,36193,36674,18703,0,18703,0,18703,0,19077,0
252,0,0,8051,18210,14139,18945,14119,14119,27671,29188,26975,29684,29215,30188,30704,30704,31100,31226,15925,0,15925,0,15925,0,16244,0
252,0,0,10000,0,0,0,0,0,0,0,0,0,0,0,0,0,0,0,0,0,0,0,0,0,0,0
252,0,0,189,0,0,0,0,0,0,0,0,0,0,0,0,0,0,0,0,0,0,0,0,0,0,0
252,0,0,523253,391912,527008,410759,386274,395557,412951,831340,426700,805007,823591,857930,794644,798296,809651,808442,350626,0,344377,0,344861,0,351826,0
252,0,0,140,135924,28,138867,125271,125271,580517,259334,177995,228009,133614,260318,227483,262322,259831,264722,118161,0,117085,0,117114,0,119475,0
252,0,0,189,12337,10217,10844,8048,8439,20511,26160,22573,27183,16908,28448,31123,29395,27444,27444,12435,0,12684,0,12937,0,13195,0
252,0,0,0,6900,6365,6755,13108,13108,18844,23970,20466,24352,14862,25003,21772,25835,21262,21262,8510,0,8679,0,8853,0,9030,0
252,0,0,0,0,0,0,0,0,0,0,0,0,0,0,0,885,718,718,1989,0,1087,0,1126,0,1155,0
252,0,0,2352,1826,2399,1886,0,0,0,0,0,0,0,0,0,0,0,0,0,0,0,0,0,0,0,0
252,0,0,369,868,290,860,0,0,0,0,0,0,0,0,0,0,0,0,0,0,0,0,0,0,0,0
309,0,0,0,0,0,0,0,0,0,0,0,0,0,0,0,0,0,0,32800,35800,33990,35779,33950,35737,33911,35696
300,0,0,0,0,0,0,0,0,0,0,0,0,0,0,0,0,0,0,695,950,695,948,788,948,803,947
300,0,0,0,0,0,0,0,0,0,0,0,0,0,0,0,0,0,0,181,181,184,184,187,187,190,190
300,0,0,0,0,0,0,0,0,0,0,0,0,0,0,0,0,0,0,908,946,879,945,907,945,907,945
300,0,0,0,0,0,0,0,0,0,0,0,0,0,0,0,0,0,0,46377,48427,45636,49106,46059,49552,46545,50062
300,0,0,0,0,0,0,0,0,0,0,0,0,0,0,0,0,0,0,503,503,501,501,501,501,501,501
300,0,0,0,0,0,0,0,0,0,0,0,0,0,0,0,0,0,0,1399,1480,1398,1479,1396,1477,1393,1474
301,0,0,0,0,0,0,0,0,0,0,0,0,0,0,0,0,0,0,2039,3291,2070,3295,2107,3302,3285,3285
301,0,0,0,0,0,0,0,0,0,0,0,0,0,0,0,0,0,0,125246,137252,131055,137953,131480,138400,131938,138882
301,0,0,0,0,0,0,0,0,0,0,0,0,0,0,0,0,0,0,6002,6002,5982,5982,5987,5987,5981,5981
301,0,0,0,0,0,0,0,0,0,0,0,0,0,0,0,0,0,0,3207,3394,3210,3391,3199,3385,3196,3382
302,0,0,0,0,0,0,0,0,0,0,0,0,0,0,0,0,0,0,66329,73568,70202,73897,70340,74042,70499,74210
302,0,0,0,0,0,0,0,0,0,0,0,0,0,0,0,0,0,0,5236,5302,4601,5288,4739,5292,4773,5288
302,0,0,0,0,0,0,0,0,0,0,0,0,0,0,0,0,0,0,950,1000,950,1000,945,1000,945,1000
302,0,0,0,0,0,0,0,0,0,0,0,0,0,0,0,0,0,0,4190,4190,4258,4258,4330,4330,4419,4419
303,0,0,0,0,0,0,0,0,0,0,0,0,0,0,0,0,0,0,20289,20289,20294,20294,20298,20298,20289,20289
305,0,0,0,0,0,0,0,0,0,0,0,0,0,0,0,0,0,0,345042,361804,343517,361597,343471,361548,343244,361310
305,0,0,0,0,0,0,0,0,0,0,0,0,0,0,0,0,0,0,8669,8669,8224,8657,8214,8646,8194,8625
305,0,0,0,0,0,0,0,0,0,0,0,0,0,0,0,0,0,0,3680,3814,3780,3801,3580,3806,3652,3803
305,0,0,0,0,0,0,0,0,0,0,0,0,0,0,0,0,0,0,1486,1532,1483,1529,1482,1528,1479,1525
305,0,0,0,0,0,0,0,0,0,0,0,0,0,0,0,0,0,0,6202,6741,6268,6740,6262,6733,6260,6731
306,0,0,0,0,0,0,0,0,0,0,0,0,0,0,0,0,0,0,115446,121510,115015,121068,114978,121030,114850,120895
306,0,0,0,0,0,0,0,0,0,0,0,0,0,0,0,0,0,0,2438,2641,2486,2633,2533,2634,2584,2632
306,0,0,0,0,0,0,0,0,0,0,0,0,0,0,0,0,0,0,1047,1114,1081,1114,1091,1113,1102,1113
306,0,0,0,0,0,0,0,0,0,0,0,0,0,0,0,0,0,0,7324,7792,7361,7789,7358,7786,7353,7781
306,0,0,0,0,0,0,0,0,0,0,0,0,0,0,0,0,0,0,9225,9225,9225,9225,9225,9225,9225,9225
307,0,0,0,0,0,0,0,0,0,0,0,0,0,0,0,0,0,0,291,327,295,327,301,329,330,330
307,0,0,0,0,0,0,0,0,0,0,0,0,0,0,0,0,0,0,229269,244419,231911,244117,231831,244033,231686,243880
307,0,0,0,0,0,0,0,0,0,0,0,0,0,0,0,0,0,0,0,0,0,0,0,0,0,0
307,0,0,0,0,0,0,0,0,0,0,0,0,0,0,0,0,0,0,20262,20262,19836,20197,19855,20215,19891,20199
307,0,0,0,0,0,0,0,0,0,0,0,0,0,0,0,0,0,0,5566,5859,5637,5857,5634,5853,5628,5847
307,0,0,0,0,0,0,0,0,0,0,0,0,0,0,0,0,0,0,8122,8595,8121,8594,8111,8583,8105,8577
400,0,0,0,0,0,0,0,0,0,0,0,0,0,0,0,0,0,0,5742,6771,5677,6909,6270,7043,6548,7184
400,0,0,0,0,0,0,0,0,0,0,0,0,0,0,0,0,0,0,284,284,289,290,295,296,301,302
400,0,0,0,0,0,0,0,0,0,0,0,0,0,0,0,0,0,0,358344,462312,389337,474967,393662,484149,385760,494375
400,0,0,0,0,0,0,0,0,0,0,0,0,0,0,0,0,0,0,5521,5521,5622,5622,5726,5726,5839,5839
400,0,0,0,0,0,0,0,0,0,0,0,0,0,0,0,0,0,0,36,43,39,44,40,45,41,46
400,0,0,0,0,0,0,0,0,0,0,0,0,0,0,0,0,0,0,63805,76235,60014,77557,60215,79166,61158,80709
400,0,0,0,0,0,0,0,0,0,0,0,0,0,0,0,0,0,0,2270,2655,2356,2711,2363,2765,2411,2820
400,0,0,0,0,0,0,0,0,0,0,0,0,0,0,0,0,0,0,33252,38097,34823,38864,34421,39604,35028,40411
401,0,0,0,0,0,0,0,0,0,0,0,0,0,0,0,0,0,0,7300,7300,7000,7000,7150,7150,7300,7300
401,0,0,0,0,0,0,0,0,0,0,0,0,0,0,0,0,0,0,378268,378268,375500,375500,382499,382499,389393,389393
401,0,0,0,0,0,0,0,0,0,0,0,0,0,0,0,0,0,0,12510,12612,12709,12765,12932,12932,13193,13193
401,0,0,0,0,0,0,0,0,0,0,0,0,0,0,0,0,0,0,20382,20382,20315,20315,20718,20718,21117,21117
401,0,0,0,0,0,0,0,0,0,0,0,0,0,0,0,0,0,0,22081,22081,22443,22443,22847,22847,23278,23278
402,0,0,0,0,0,0,0,0,0,0,0,0,0,0,0,0,0,0,2177,2801,1635,2869,2907,2907,2967,2967
402,0,0,0,0,0,0,0,0,0,0,0,0,0,0,0,0,0,0,192,268,258,273,278,278,284,284
402,0,0,0,0,0,0,0,0,0,0,0,0,0,0,0,0,0,0,100986,117758,102630,120859,104852,122827,106907,125556
402,0,0,0,0,0,0,0,0,0,0,0,0,0,0,0,0,0,0,591,591,603,603,613,613,626,626
402,0,0,0,0,0,0,0,0,0,0,0,0,0,0,0,0,0,0,14604,19698,14788,20043,14978,20458,17278,20842
402,0,0,0,0,0,0,0,0,0,0,0,0,0,0,0,0,0,0,20440,22217,20656,22699,21280,23130,21706,23593
403,0,0,0,0,0,0,0,0,0,0,0,0,0,0,0,0,0,0,258,391,266,318,363,363,370,370
403,0,0,0,0,0,0,0,0,0,0,0,0,0,0,0,0,0,0,14,16,14,17,14,17,15,17
403,0,0,0,0,0,0,0,0,0,0,0,0,0,0,0,0,0,0,70126,74716,70566,75844,59363,77833,66197,79516
403,0,0,0,0,0,0,0,0,0,0,0,0,0,0,0,0,0,0,473,995,482,482,491,491,501,501
403,0,0,0,0,0,0,0,0,0,0,0,0,0,0,0,0,0,0,5570,6320,5681,6724,5795,6864,5911,6996
403,0,0,0,0,0,0,0,0,0,0,0,0,0,0,0,0,0,0,923,1003,803,882,811,882,811,882
403,0,0,0,0,0,0,0,0,0,0,0,0,0,0,0,0,0,0,4773,5188,4250,4670,4387,4769,4484,4874
404,0,0,0,0,0,0,0,0,0,0,0,0,0,0,0,0,0,0,1989,2237,2317,2326,2434,2434,2528,2528
404,0,0,0,0,0,0,0,0,0,0,0,0,0,0,0,0,0,0,46,54,55,55,56,56,57,57
404,0,0,0,0,0,0,0,0,0,0,0,0,0,0,0,0,0,0,75772,79917,79013,81386,83095,83242,85027,85114
404,0,0,0,0,0,0,0,0,0,0,0,0,0,0,0,0,0,0,806,1814,1850,1850,985,1886,1005,1924
404,0,0,0,0,0,0,0,0,0,0,0,0,0,0,0,0,0,0,12481,14347,12481,14593,12481,14897,14731,15174
404,0,0,0,0,0,0,0,0,0,0,0,0,0,0,0,0,0,0,10890,11835,11021,12111,11353,12340,11586,12593
405,0,0,0,0,0,0,0,0,0,0,0,0,0,0,0,0,0,0,42786,42786,40032,43557,40088,44447,40921,45336
405,0,0,0,0,0,0,0,0,0,0,0,0,0,0,0,0,0,0,1028,1028,1048,1048,1069,1069,1090,1090
405,0,0,0,0,0,0,0,0,0,0,0,0,0,0,0,0,0,0,12225,12225,12422,12422,12685,12685,12927,12927
405,0,0,0,0,0,0,0,0,0,0,0,0,0,0,0,0,0,0,5425,6236,5542,6370,5650,6494,5765,6627
405,0,0,0,0,0,0,0,0,0,0,0,0,0,0,0,0,0,0,6002,6899,6128,7044,6245,7178,6375,7328
406,0,0,0,0,0,0,0,0,0,0,0,0,0,0,0,0,0,0,439,514,448,525,457,536,467,547
406,0,0,0,0,0,0,0,0,0,0,0,0,0,0,0,0,0,0,86,100,99,101,100,104,0,107
406,0,0,0,0,0,0,0,0,0,0,0,0,0,0,0,0,0,0,35660,35660,36929,36929,37592,37592,38365,38365
406,0,0,0,0,0,0,0,0,0,0,0,0,0,0,0,0,0,0,878,976,995,995,1015,1015,1035,1035
406,0,0,0,0,0,0,0,0,0,0,0,0,0,0,0,0,0,0,0,0,0,0,0,0,0,0
406,0,0,0,0,0,0,0,0,0,0,0,0,0,0,0,0,0,0,3301,3301,3354,3354,3425,3425,3491,3491
406,0,0,0,0,0,0,0,0,0,0,0,0,0,0,0,0,0,0,2309,2654,2358,2710,2405,2764,2453,2820
406,0,0,0,0,0,0,0,0,0,0,0,0,0,0,0,0,0,0,90,90,91,91,94,94,96,96
406,0,0,0,0,0,0,0,0,0,0,0,0,0,0,0,0,0,0,6629,6629,6735,6735,6852,6852,6990,6990
407,0,0,0,0,0,0,0,0,0,0,0,0,0,0,0,0,0,0,269098,269098,269551,269551,269654,269654,284826,284826
407,0,0,0,0,0,0,0,0,0,0,0,0,0,0,0,0,0,0,52840,52840,54018,54018,55216,55216,53785,53785
407,0,0,0,0,0,0,0,0,0,0,0,0,0,0,0,0,0,0,5982,5982,6076,6076,6177,6177,6261,6261
407,0,0,0,0,0,0,0,0,0,0,0,0,0,0,0,0,0,0,5089,5089,5199,5199,5313,5313,5467,5467
407,0,0,0,0,0,0,0,0,0,0,0,0,0,0,0,0,0,0,2211,2211,2169,2169,2188,2188,2219,2219
407,0,0,0,0,0,0,0,0,0,0,0,0,0,0,0,0,0,0,75733,75733,77178,77178,78654,78654,80203,80203
407,0,0,0,0,0,0,0,0,0,0,0,0,0,0,0,0,0,0,3486,3486,3591,3591,3697,3697,3810,3810
407,0,0,0,0,0,0,0,0,0,0,0,0,0,0,0,0,0,0,1608,1608,884,884,923,923,922,922
407,0,0,0,0,0,0,0,0,0,0,0,0,0,0,0,0,0,0,1425,1425,1446,1446,1461,1461,1522,1522
407,0,0,0,0,0,0,0,0,0,0,0,0,0,0,0,0,0,0,1456,1456,1499,1499,1560,1560,1569,1569
407,0,0,0,0,0,0,0,0,0,0,0,0,0,0,0,0,0,0,9043,9043,9279,9279,9567,9567,9856,9856
407,0,0,0,0,0,0,0,0,0,0,0,0,0,0,0,0,0,0,5273,5273,5315,5315,5381,5381,5436,5436
407,0,0,0,0,0,0,0,0,0,0,0,0,0,0,0,0,0,0,8897,8897,8959,8959,9093,9093,8347,8347
408,0,0,0,0,0,0,0,0,0,0,0,0,0,0,0,0,0,0,14,14,14,14,14,14,15,15
408,0,0,0,0,0,0,0,0,0,0,0,0,0,0,0,0,0,0,12440,23265,20474,23623,21060,24113,21496,24593
408,0,0,0,0,0,0,0,0,0,0,0,0,0,0,0,0,0,0,1995,2384,2021,2426,2047,2476,2088,2524
408,0,0,0,0,0,0,0,0,0,0,0,0,0,0,0,0,0,0,5408,5878,5477,6019,5635,6125,5747,6247
409,0,0,0,0,0,3519,4180,4180,0,0,0,0,0,0,0,0,0,0,0,0,0,0,0,0,0,0
409,0,0,0,0,0,0,0,0,0,0,0,0,0,0,9811,14039,7816,10849,11044,0,11254,0,9998,0,10198,0
409,0,0,0,0,0,0,0,0,0,0,0,0,0,0,2512,2512,1083,1498,1525,0,1554,0,1585,0,1617,0
409,0,0,0,0,0,0,0,0,0,54,0,90,0,64,0,82,0,133,0,0,0,0,0,0,0,0
409,0,0,0,0,0,0,0,0,0,0,0,0,0,0,1260,1260,2274,4420,2247,0,2218,0,2115,0,2157,0
409,0,0,0,0,0,0,0,0,0,0,0,0,0,0,11484,11484,9834,13643,11484,0,11484,0,11484,0,11714,0
409,0,0,0,0,0,0,0,0,0,0,0,0,0,0,28167,57820,72148,100224,95740,0,88243,0,89324,0,88781,0
409,26218,0,19000,35919,53213,36637,9210,160493,232365,283102,188120,254948,90681,194786,114075,206821,112530,179766,32505,0,33122,0,33785,0,34460,0
409,0,0,0,0,0,0,0,0,250,0,0,0,0,0,0,0,0,0,0,0,0,0,0,0,0,0
409,0,0,0,0,0,0,0,0,0,0,0,2,0,1,0,1,0,2,0,0,0,0,0,0,0,0
409,0,0,0,7524,0,3875,0,7852,0,0,0,0,0,0,0,0,0,0,0,0,0,0,0,0,0,0
409,0,0,0,0,0,0,0,0,0,0,0,0,0,0,97420,0,11420,1000,13900,0,3500,0,29000,0,1000,0
409,0,0,0,0,0,0,0,0,0,0,0,0,0,0,0,0,0,0,0,0,6500,0,1000,0,0,0
409,0,0,0,0,0,0,0,0,0,0,0,0,0,0,0,0,3746,4168,0,0,0,0,0,0,0,0
409,0,0,0,0,0,0,0,0,0,0,0,0,0,0,2821,2821,0,4117,2794,0,2794,0,2794,0,2849,0
409,0,0,0,0,0,0,0,0,0,0,0,0,0,0,233,233,0,507,515,0,525,0,535,0,546,0
409,0,0,0,0,0,0,0,0,0,0,0,0,0,0,88600,88600,11765,89164,88385,0,22564,0,25635,0,0,0
409,0,0,0,0,0,0,0,0,0,0,0,0,0,0,8669,22797,0,34867,20670,0,22561,0,22563,0,23015,0
409,0,0,0,0,0,0,0,0,0,0,0,0,0,0,0,2338,0,105,107,0,0,0,0,0,0,0
409,0,0,0,0,0,0,0,0,375,12096,2612,8923,1518,6255,4578,6362,4815,11736,0,0,0,0,0,0,0,0
409,0,0,0,0,0,0,0,0,0,24,0,42,0,29,0,37,0,61,0,0,0,0,0,0,0,0
409,0,0,0,0,0,0,0,0,0,0,0,0,0,0,9461,11713,0,23028,10677,0,10831,0,10816,0,11033,0
409,0,0,0,0,0,0,0,0,0,0,0,0,0,0,21,21,0,18,19,0,19,0,19,0,20,0
409,0,0,0,0,0,0,0,0,0,0,0,0,0,0,4053,5519,0,10789,5503,0,5500,0,5501,0,5611,0
409,0,0,0,0,0,0,0,0,0,0,0,0,0,0,1186,1186,929,1190,1212,0,1234,0,1259,0,1284,0
409,0,0,0,0,0,0,0,0,0,0,0,0,0,0,17,684,0,100,66,0,59,0,60,0,61,0
409,0,0,0,0,0,0,0,0,0,0,0,0,0,0,5172,10871,3363,13045,11738,0,12147,0,12286,0,12601,0
409,117978,2872,56972,91782,65747,108953,52538,508688,348646,256966,475525,405798,561515,423816,210101,453613,145258,535587,189775,0,203976,0,220017,0,253849,0
409,0,0,0,0,0,0,0,24000,41939,59940,39103,58205,38512,66282,27103,60018,22797,60951,4213,0,4865,0,4891,0,5274,0
409,0,0,0,0,0,0,0,0,0,0,0,0,4660,2000,12820,24300,14810,12410,14809,0,14820,0,14828,0,14825,0
409,0,0,0,0,0,0,0,0,53,1710,369,1238,215,884,647,899,681,915,0,0,0,0,0,0,0,0
409,0,0,0,0,0,0,0,0,0,4,0,6,0,4,0,5,0,9,0,0,0,0,0,0,0,0
409,0,0,0,0,0,0,0,0,1360,6468,1346,3469,782,3222,2358,3277,2480,3333,0,0,0,0,0,0,0,0
409,0,0,0,0,0,0,0,0,0,0,6700,0,0,0,0,0,0,0,0,0,0,0,0,0,0,0
409,0,0,0,0,0,0,0,0,0,0,0,0,0,0,234,796,38,41,42,0,43,0,45,0,43,0
409,0,0,0,0,0,0,0,0,0,0,0,0,0,0,1448,7530,797,887,889,0,0,0,0,0,0,0
409,0,0,0,0,0,0,0,0,0,0,0,0,0,0,7098,7248,6309,8309,8446,0,8605,0,8778,0,8953,0
409,0,0,0,0,0,0,0,0,0,0,0,0,0,0,0,10,5,449,455,0,5,0,7,0,6,0
409,0,0,0,0,0,0,0,0,6097,11714,23271,14408,3120,17437,9875,17540,27632,33738,41370,0,27391,0,23513,0,24787,0
409,0,0,0,0,0,0,0,0,0,0,0,15,0,613,70,613,144,329,209,0,214,0,220,0,222,0
409,0,0,0,0,0,0,0,0,0,24,0,40,0,28,0,36,0,59,0,0,0,0,0,0,0,0
409,0,0,0,0,0,0,0,0,0,0,0,0,0,0,163,552,245,273,279,0,285,0,292,0,293,0
409,0,0,0,0,0,0,0,0,0,0,0,0,0,0,22,0,0,316,51,0,48,0,48,0,49,0
409,0,0,0,0,0,0,0,0,0,0,0,0,0,0,133,847,231,257,263,0,269,0,274,0,278,0
409,0,0,0,0,0,0,0,0,0,0,0,0,0,0,732,3881,1012,1125,1150,0,1176,0,1201,0,1215,0
409,0,0,0,0,0,0,0,0,33639,58754,30441,39764,7192,37652,28584,47645,26885,55241,14680,0,14649,0,14518,0,14805,0
409,0,0,0,0,0,0,0,0,0,0,0,468,0,4595,882,6106,2381,3933,3372,0,2188,0,2229,0,2259,0
411,90555,0,109652,0,0,0,0,0,0,0,0,0,0,0,0,0,0,0,0,0,0,0,0,0,0,0
411,178201,0,189973,0,0,0,0,0,0,0,0,0,0,0,0,0,0,0,0,0,0,0,0,0,0,0
411,0,0,0,0,0,0,2574,2574,0,0,885,1293,608,1307,1364,1315,1366,1366,738,0,751,0,763,0,780,0
411,175929,270,180551,0,57507,0,87,87,83,166,83,166,154,84,169,174,184,184,98,0,99,0,101,0,102,0
411,77816,71,97545,0,35794,0,0,0,0,0,0,0,0,0,0,0,0,0,0,0,0,0,0,0,0,0
411,15904,0,22510,0,0,0,0,0,0,0,0,0,0,0,0,0,0,0,0,0,0,0,0,0,0,0
411,100281,0,92101,0,12,12,198479,198546,0,0,0,0,0,0,0,0,0,0,0,0,0,0,0,0,0,0
411,2553,0,6103,0,1217,0,0,0,0,0,0,0,0,0,0,0,0,0,0,0,0,0,0,0,0,0
411,0,1,0,0,0,88,0,91,0,0,0,0,0,0,0,0,0,0,0,0,0,0,0,0,0,0
411,0,0,0,0,246,0,0,0,0,0,0,0,0,0,0,0,0,0,0,0,0,0,0,0,0,0
420,16406,0,27459,0,0,0,0,0,0,0,0,0,0,0,0,0,0,0,0,0,0,0,0,0,0,0
420,1250,0,3303,0,0,0,0,0,0,0,0,0,0,0,0,0,0,0,0,0,0,0,0,0,0,0
420,135583,65,137990,0,56168,0,0,0,0,0,0,0,0,0,0,0,0,0,0,0,0,0,0,0,0,0
420,10295,1,5052,0,6893,0,0,0,0,0,0,0,0,0,0,0,0,0,0,0,0,0,0,0,0,0
420,26113,0,13415,0,50,51,46,46,0,0,0,0,0,0,0,0,0,0,0,0,0,0,0,0,0,0
420,0,0,8574,0,12687,0,0,0,0,0,0,0,0,0,0,0,0,0,0,0,0,0,0,0,0,0
420,915,0,452,0,0,0,0,0,0,0,0,0,0,0,0,0,0,0,0,0,0,0,0,0,0,0
424,0,0,0,0,0,0,0,0,0,0,396,0,962,1128,822,822,0,0,0,0,0,0,0,0,0,0
424,0,0,0,0,0,0,0,0,0,0,0,0,0,0,0,0,836,836,824,0,836,0,833,0,630,0
424,0,0,0,0,0,0,0,0,0,0,0,0,1043,1500,1500,1500,1477,1477,1477,0,1477,0,1478,0,1478,0
424,0,0,0,0,0,0,0,0,0,0,671,0,596,2275,2085,2085,1964,1964,1976,0,1987,0,1988,0,1987,0
424,0,0,0,0,0,0,0,0,0,0,7231,2912,2341,1784,1784,3538,1757,3511,1929,0,1813,0,1920,0,1982,0
424,0,0,0,0,0,0,0,0,0,0,0,0,0,0,306,309,288,307,299,0,288,0,313,0,319,0
500,0,0,0,0,0,0,0,0,0,0,0,0,0,0,0,0,0,0,6698,6698,7162,7162,7521,7521,7677,7677
500,0,0,0,0,0,0,0,0,0,0,0,0,0,0,0,0,0,0,527,527,528,528,527,527,527,527
500,0,0,0,0,0,0,0,0,0,0,0,0,0,0,0,0,0,0,0,0,0,0,0,0,0,0
500,0,0,0,0,0,0,0,0,0,0,0,0,0,0,0,0,0,0,330903,330903,336178,336178,342885,342885,349725,349725
500,0,0,0,0,0,0,0,0,0,0,0,0,0,0,0,0,0,0,2030,2030,2071,2071,2112,2112,2154,2154
500,0,0,0,0,0,0,0,0,0,0,0,0,0,0,0,0,0,0,93821,93821,95431,95431,97397,97397,99266,99266
500,0,0,0,0,0,0,0,0,0,0,0,0,0,0,0,0,0,0,43517,43517,45070,45070,47282,47282,49661,49661
501,0,0,0,0,0,0,0,0,0,0,0,0,0,0,0,0,0,0,110982,110982,113328,113328,115612,115612,117917,117917
501,0,0,0,0,0,0,0,0,0,0,0,0,0,0,0,0,0,0,1353,1353,1380,1380,1408,1408,1436,1436
501,0,0,0,0,0,0,0,0,0,0,0,0,0,0,0,0,0,0,34664,34664,35221,35221,35952,35952,36625,36625
501,0,0,0,0,0,0,0,0,0,0,0,0,0,0,0,0,0,0,17403,17403,18303,18303,19495,19495,20787,20787
502,0,0,0,0,0,0,0,0,0,0,0,0,0,0,0,0,0,0,910,910,928,928,947,947,966,966
502,0,0,0,0,0,0,0,0,0,0,0,0,0,0,0,0,0,0,11192,11192,10694,10694,10913,10913,11133,11133
502,0,0,0,0,0,0,0,0,0,0,0,0,0,0,0,0,0,0,303,303,307,309,315,315,322,322
502,0,0,0,0,0,0,0,0,0,0,0,0,0,0,0,0,0,0,6758,6758,6869,6869,7013,7013,7147,7147
502,0,0,0,0,0,0,0,0,0,0,0,0,0,0,0,0,0,0,4796,4796,4863,4863,4992,4992,5131,5131
503,0,0,0,0,0,0,0,0,0,0,0,0,0,0,0,0,0,0,174,174,178,178,182,182,186,186
503,0,0,0,0,0,0,0,0,0,0,0,0,0,0,0,0,0,0,18635,18635,16091,16091,16430,16430,16758,16758
503,0,0,0,0,0,0,0,0,0,0,0,0,0,0,0,0,0,0,59,106,60,109,62,111,64,113
503,0,0,0,0,0,0,0,0,0,0,0,0,0,0,0,0,0,0,5747,5747,5845,5845,5967,5967,6082,6082
503,0,0,0,0,0,0,0,0,0,0,0,0,0,0,0,0,0,0,2174,2174,2204,2204,2263,2263,2328,2328
504,0,0,0,0,0,0,0,0,0,0,0,0,0,0,0,0,0,0,1506,1506,1537,1537,1568,1568,1600,1600
504,0,0,0,0,0,0,0,0,0,0,0,0,0,0,0,0,0,0,310459,310459,317408,317408,323747,323747,330214,330214
504,0,0,0,0,0,0,0,0,0,0,0,0,0,0,0,0,0,0,21727,21727,22119,22119,22516,22516,23000,23000
504,0,0,0,0,0,0,0,0,0,0,0,0,0,0,0,0,0,0,615430,615430,663763,663763,701735,701735,735192,735192
504,0,0,0,0,0,0,0,0,0,0,0,0,0,0,0,0,0,0,1669,1669,1662,1662,1690,1690,1705,1705
504,0,0,0,0,0,0,0,0,0,0,0,0,0,0,0,0,0,0,8731,8731,8850,8850,9090,9090,9348,9348
504,0,0,0,0,0,0,0,0,0,0,0,0,0,0,0,0,0,0,1986,1986,2344,2344,4376,4376,6408,6408
505,0,0,0,0,0,0,0,0,0,0,0,0,0,0,-1307,67,-2434,128,0,0,0,0,0,0,0,0
505,0,0,0,0,0,0,1064,1064,1196,2014,1091,1134,1617,1556,4334,4506,6936,7136,6181,0,6328,0,6449,0,6595,0
505,0,0,51645,77332,54754,77364,57840,73099,138695,143934,122373,151902,122211,153097,143214,158366,154459,173306,84960,0,93637,0,95440,0,96044,0
505,0,0,0,0,0,0,22,22,23,46,23,46,24,48,50,50,25,25,0,0,0,0,0,0,0,0
505,0,0,0,17574,0,12184,3764,3764,8278,7550,5286,6926,8431,6987,5184,5764,4807,4841,934,0,1038,0,1123,0,1330,0
505,0,0,0,268,0,0,1290,1290,1942,3884,2011,4022,2109,2109,2245,2245,2253,2253,0,0,0,0,0,0,0,0
505,0,0,76191,326210,0,279775,187715,210283,351755,430546,334860,394870,359924,404329,347009,404639,336630,382917,154955,0,161027,0,164289,0,167608,0
505,0,0,22290,24759,16055,26591,18504,26949,44184,56506,42344,49904,40172,49261,30233,39941,29520,39554,10659,0,10841,0,8234,0,7627,0
505,0,0,0,0,0,0,0,0,219,438,0,0,0,0,231,231,0,0,0,0,0,0,0,0,0,0
505,0,0,23,0,0,538,2465,2465,5942,4758,7569,5682,6773,4611,5190,4950,10825,11168,7076,0,5743,0,7175,0,5783,0
505,0,0,142,72,0,205,1197,1197,821,898,831,908,1250,985,1050,1120,891,957,486,0,495,0,506,0,515,0
505,0,0,0,0,0,0,0,0,0,0,0,0,0,0,0,0,16,16,65,0,0,0,18,0,69,0
505,0,0,0,0,0,0,0,0,0,0,4,0,0,0,0,0,0,0,0,0,0,0,0,0,0,0
505,0,0,0,0,0,0,0,0,0,0,0,0,0,0,0,0,258,258,0,0,0,0,0,0,0,0
506,0,0,0,0,0,0,0,0,0,0,0,0,0,0,-922,48,-1886,97,0,0,0,0,0,0,0,0
506,0,0,0,0,0,0,462,462,990,928,714,765,769,899,883,866,565,565,82,0,91,0,95,0,116,0
506,0,0,20,0,0,0,0,0,0,0,0,0,0,0,0,0,0,0,0,0,0,0,0,0,0,0
506,0,0,26963,37885,28074,38033,25287,33434,75894,75894,64154,80297,77778,86364,81573,86235,80469,98669,45569,0,53779,0,53842,0,54829,0
506,0,0,1492,827,0,841,263,263,230,528,235,268,240,273,245,277,250,282,0,0,0,0,0,0,0,0
506,0,0,0,715,0,0,0,0,0,0,0,0,0,0,0,0,0,0,0,0,0,0,0,0,0,0
506,0,0,229178,95080,137558,139781,153087,176101,272481,360618,270241,350617,270644,373800,263545,369461,295264,357608,168014,0,170141,0,171287,0,175756,0
506,0,0,6611,7818,7761,9316,7112,9607,15017,15966,16392,15135,17530,16257,20542,16802,16003,16741,7221,0,7370,0,7518,0,7679,0
506,0,0,471,0,69,554,316,316,738,732,2235,764,1965,1499,1397,1421,1953,1980,1621,0,1654,0,1688,0,1723,0
506,0,0,0,0,0,0,0,0,306,0,0,0,0,0,0,0,0,0,0,0,0,0,0,0,0,0
507,0,0,0,0,0,0,0,0,0,0,0,0,0,0,-231,12,-629,33,0,0,0,0,0,0,0,0
507,0,0,0,0,0,0,7565,9340,13875,17986,12977,15572,10178,14931,14203,15774,13140,14623,7360,0,7508,0,7662,0,7818,0
507,0,0,1094,3181,1560,3193,2113,3332,2018,4036,3195,4103,3193,2995,3978,3978,6088,6088,3672,0,4055,0,4130,0,3015,0
507,0,0,0,393,0,6521,394,394,335,790,350,402,352,409,360,416,365,423,0,0,0,0,0,0,0,0
507,0,0,0,0,0,0,944,944,925,1938,1192,1936,1215,1932,1918,1968,1635,2303,633,0,642,0,653,0,665,0
507,0,0,10963,12115,9461,16012,14106,18345,23547,41076,26153,38078,31419,51377,32113,43998,31422,37187,14458,0,15992,0,16338,0,16715,0
507,0,0,510,1809,1039,1845,97,746,753,1076,1614,1306,1431,2407,1644,2240,2451,2451,1884,0,1963,0,2002,0,2042,0
507,0,0,0,0,0,0,70,70,2252,148,2447,147,1542,228,468,468,950,1245,1515,0,144,0,147,0,150,0
507,0,0,25,0,55,0,10,10,97,20,494,22,11,11,11,11,11,11,0,0,0,0,0,0,0,0
509,0,0,0,0,0,0,0,0,0,0,0,0,0,0,0,0,-79,4,0,0,0,0,0,0,0,0
509,0,447776,0,0,0,0,0,0,0,0,0,0,0,0,0,0,0,0,0,0,0,0,0,0,0,0
509,0,0,1718,0,3156,0,3000,3000,3113,6000,3283,6000,3064,6000,6000,6000,5954,5954,2955,0,2955,0,2956,0,2956,0
509,0,0,0,3306,0,7785,346031,10727,11409,22818,11430,22294,11773,21492,17581,19505,17999,18999,6824,0,6560,0,6423,0,5181,0
509,0,0,1503,1517,0,2293,2859,6259,918,152918,40201,191228,2273,2574,2560,5538,1753,1753,1105,0,6245,0,45979,0,69138,0
509,0,0,5469,0,0,0,27149,37923,62539,80332,60841,78204,62720,84986,62588,71620,64031,68537,32061,0,35351,0,35513,0,37648,0
509,0,0,0,0,0,1094,0,1707,1884,4972,1976,4818,2138,6899,4518,5152,4994,5631,2922,0,3000,0,3079,0,3158,0
509,0,0,0,0,5793,0,253,253,0,0,0,0,0,0,0,0,0,0,0,0,0,0,0,0,0,0
509,0,0,0,395801,0,92661,0,4938,12440,24880,9902,20956,42309,52968,27574,27617,28978,28978,317,0,326,0,338,0,207,0
509,16720,22832,0,3265,0,2330,2342,2342,4670,4670,4666,4666,7923,3493,16350,14911,8940,15940,7357,0,320,0,318,0,320,0
509,0,0,0,0,0,0,0,0,0,0,0,0,1000,1111,0,0,0,0,0,0,0,0,0,0,0,0
509,0,0,0,0,0,0,0,0,0,0,0,0,0,1300,0,260,0,0,0,0,0,0,0,0,0,0
509,3271,4207,3639,4166,3270,4254,4000,4000,6299,7374,7380,7233,6973,6937,6779,7117,6825,7104,3001,0,3059,0,3117,0,3179,0
509,8371,4837,8573,4770,3622,4716,4591,4848,7976,9940,6451,9705,7042,9633,6656,9163,6447,9896,3366,0,3391,0,3372,0,3384,0
509,267,0,265,275,41,42,0,0,0,390,0,495,0,619,272,662,110,518,334,0,211,0,342,0,309,0
509,0,0,3098,45223,2279,44424,38289,38289,50865,73078,57498,64430,27929,65440,43330,50613,50012,62814,24473,0,22682,0,24020,0,20028,0
509,0,0,0,0,0,0,0,0,427,200,110,443,0,401,528,697,116,226,118,0,120,0,123,0,125,0
509,0,0,0,16757,0,339092,0,326113,305661,611322,348483,621530,344171,619347,536280,597025,489878,505878,203789,0,196799,0,182869,0,185701,0
509,0,275,0,0,0,0,0,0,0,0,0,0,0,0,0,0,0,0,0,0,0,0,0,0,0,0
509,0,0,173,0,0,0,828,828,77,104,114,3101,3390,7080,5239,5539,5808,6158,966,0,983,0,1001,0,1021,0
509,0,0,0,0,0,2656,0,2946,3717,7434,3881,6907,4064,6931,6870,6881,6373,6373,1977,0,1817,0,1851,0,1817,0
509,0,0,0,0,0,0,0,0,0,0,0,0,0,0,1131,1131,1134,1134,1156,0,1179,0,1201,0,1223,0
509,0,0,0,0,0,0,0,0,0,0,0,0,0,0,1040,1040,1024,1358,1024,0,1024,0,1045,0,1066,0
509,3521,3641,3532,3677,2220,2317,3704,3737,6686,7664,5084,6492,5183,5636,5086,5475,4652,6518,2208,0,2269,0,2325,0,2375,0
509,0,0,0,0,0,0,0,0,0,0,0,0,262,0,0,0,0,0,0,0,0,0,0,0,0,0
509,0,0,0,0,0,1293,0,114,810,1620,906,906,1022,1022,944,944,992,992,0,0,0,0,0,0,0,0
510,0,0,0,0,0,0,0,0,0,0,0,0,0,0,0,0,0,0,108,108,114,114,116,116,118,118
510,0,0,0,0,0,0,0,0,0,0,0,0,0,0,0,0,0,0,3,3,3,3,3,3,3,3
510,0,0,0,0,0,0,0,0,0,0,0,0,0,0,0,0,0,0,11891,12938,10870,12750,12189,12995,12445,13257
510,0,0,0,0,0,0,0,0,0,0,0,0,0,0,0,0,0,0,125,257,128,262,128,264,130,269
510,0,0,0,0,0,0,0,0,0,0,0,0,0,0,0,0,0,0,1390,1552,1408,1578,1425,1610,1454,1642
510,0,0,0,0,0,0,0,0,0,0,0,0,0,0,0,0,0,0,825,897,834,917,860,935,876,952
600,0,0,0,0,0,0,0,0,0,0,0,0,0,0,-306,18,-919,44,0,0,0,0,0,0,0,0
600,0,0,0,0,0,0,0,0,1621,3242,0,0,0,0,-5818,290,-11153,559,0,0,0,0,0,0,0,0
600,0,0,0,0,0,0,0,0,1154,3110,78,156,81,162,140,166,170,170,87,0,88,0,90,0,92,0
600,0,0,0,0,0,0,0,0,0,0,78,0,67,0,0,0,0,0,0,0,0,0,0,0,0,0
600,0,0,267,0,0,0,0,0,0,0,0,0,0,0,0,0,0,0,0,0,0,0,0,0,0,0
600,0,0,0,190,0,183,187,187,6236,382,189,241,208,239,80520,235,50210,328,50021,0,66,0,67,0,68,0
600,0,0,3668,0,34,0,0,0,250,500,25,25,27,27,29,29,31,31,0,0,0,0,0,0,0,0
600,0,0,153,85,0,86,88,88,90,180,2687,0,1789,2987,1481,2570,1800,2694,1971,0,2327,0,2380,0,2433,0
600,0,0,800,5774,3734,5893,5901,5901,4913,9826,4776,7430,8240,8537,8162,8671,8705,8826,3982,0,4103,0,4184,0,4281,0
600,0,0,0,0,0,0,0,0,0,0,0,0,0,0,29,29,0,0,0,0,0,0,0,0,0,0
600,0,0,0,0,0,0,0,0,0,520,0,50,0,27,0,29,0,31,0,0,0,0,0,0,0,0
600,0,0,0,0,0,0,0,0,0,0,0,0,0,0,0,0,31,31,2,0,31,0,31,0,32,0
600,0,0,1124,0,0,0,0,0,0,0,0,0,0,0,0,0,0,0,0,0,0,0,0,0,0,0
600,0,0,0,0,0,0,0,0,0,0,4,0,0,0,0,0,0,0,0,0,0,0,0,0,0,0
600,0,0,13132,31475,23540,22046,19308,19608,30524,33814,28258,33254,74782,33953,30212,34962,27767,33303,17900,0,19946,0,19900,0,18258,0
600,0,0,594,1483,1626,1511,2720,2720,3962,3962,3834,4894,2963,4832,4489,4489,4402,4402,2900,0,2900,0,2900,0,2958,0
600,0,0,1702,5754,1422,2796,14793,15993,24048,35328,31265,39151,17168,38745,29992,40601,32450,38735,17982,0,18341,0,18708,0,19082,0
600,0,0,62759,66036,68248,71505,63906,83235,119456,173680,135375,178415,70278,177956,135542,181892,141380,182556,90311,0,89369,0,91369,0,93177,0
600,0,0,0,8284,0,8739,0,33500,0,0,0,0,0,0,0,0,0,0,0,0,0,0,0,0,0,0
600,0,0,0,32082,0,6083,0,0,0,0,0,0,0,0,0,0,0,0,0,0,0,0,0,0,0,0
600,0,0,0,14503,0,30945,0,30955,0,0,0,0,0,0,0,0,0,0,0,0,0,0,0,0,0,0
600,0,0,0,3866,0,129,135,136,724,272,137,209,139,212,243,243,246,246,103,0,105,0,107,0,109,0
600,0,0,36,216,42,37,38,38,39,78,39,39,40,40,41,41,42,42,0,0,0,0,0,0,0,0
600,0,0,356,2810,626,131,134,134,132,264,695,266,749,260,325,364,951,951,834,0,851,0,880,0,903,0
600,0,0,0,0,0,970,932,937,929,2214,954,2264,978,2460,1637,1892,1013,1272,0,0,0,0,0,0,0,0
600,18708,27687,0,0,0,0,0,0,0,0,0,0,0,0,0,0,0,0,0,0,0,0,0,0,0,0
600,8212,16259,0,0,0,0,0,0,0,0,0,0,0,0,0,0,0,0,0,0,0,0,0,0,0,0
600,90491,84236,0,0,0,0,0,0,0,0,0,0,0,0,0,0,0,0,0,0,0,0,0,0,0,0
600,0,0,0,0,17881,0,0,0,21067,3790,1100,2368,1200,2790,1809,2083,701,701,500,0,510,0,520,0,531,0
600,0,0,21723,0,3268,27579,27359,28189,26155,60310,54642,59722,51341,69493,37248,61025,44934,61381,23748,0,24245,0,24625,0,25141,0
600,0,0,0,0,0,0,0,0,0,0,0,0,0,0,0,1000,0,0,0,0,0,0,0,0,0,0
600,0,0,0,0,0,0,0,14494,0,28834,3610,30605,7644,22986,4493,18584,5490,20579,5410,0,8708,0,11230,0,11537,0
600,0,0,0,0,0,0,0,0,4650,61298,9574,45163,56,45306,0,38473,0,36240,0,0,0,0,0,0,0,0
600,0,0,0,480,92,136,4230,4230,2142,10584,2537,9996,5096,9905,7130,10072,8201,12357,8524,0,8565,0,9263,0,9462,0
600,0,0,0,0,0,0,0,0,0,0,0,0,0,0,1947,2489,3510,3510,3579,0,3651,0,3723,0,3798,0
600,0,0,0,260,25,36,37,37,0,0,0,0,0,0,2314,2934,3691,3691,3776,0,3619,0,3572,0,3653,0
600,0,0,10,5,6,6,7,7,0,0,0,0,0,0,0,0,0,0,0,0,0,0,0,0,0,0
600,0,0,370,0,161,549,543,546,1639,770,16,276,111,316,253,358,323,383,316,0,331,0,338,0,345,0
600,0,0,20,0,0,0,0,0,0,0,0,0,15,0,0,0,0,0,0,0,0,0,0,0,0,0
600,0,0,0,0,0,0,20,20,0,0,0,0,0,0,0,0,0,0,0,0,0,0,0,0,0,0
600,0,0,0,0,0,0,0,0,0,0,174,0,0,0,0,0,0,0,0,0,0,0,0,0,0,0
600,0,0,0,0,0,0,0,0,0,0,0,174,0,176,931,1348,1123,1344,1176,0,1228,0,1253,0,1278,0
600,0,0,15631,55548,4203,43010,7011,35587,360376,61726,27518,88179,27135,160423,121081,165712,118892,130248,103063,0,105307,0,107366,0,110072,0
600,0,0,2695,20225,-128,20595,20902,20902,19332,42664,19369,34278,19095,40249,33225,38216,28684,35390,9403,0,13221,0,15598,0,15910,0
600,0,0,9106,15341,3227,15414,15403,14574,15259,36518,282626,61617,15172,34126,50358,51782,41702,42291,26815,0,26721,0,27598,0,27316,0
600,0,0,482072,152803,190950,259052,0,248068,403420,806840,405915,734347,696076,725971,588696,657974,622399,717884,314528,0,331834,0,327462,0,321606,0
600,0,0,10249,5966,3999,5872,6617,6630,4024,4068,5746,8214,6660,8690,4366,6981,1041,2584,0,0,0,0,0,0,0,0
600,0,0,457,3255,2203,3235,4933,4933,5484,6082,5867,6151,4205,6245,907,3192,883,3187,0,0,0,0,0,0,0,0
600,0,0,5268,2807,1720,2554,4016,4016,6802,7126,7169,8124,7073,7308,4801,5573,2662,4206,413,0,418,0,427,0,435,0
600,0,0,970,4103,3169,4630,4694,4694,8808,8898,9158,4304,3509,3322,5383,5801,5195,5472,2571,0,2610,0,2656,0,2708,0
600,0,0,0,0,0,0,0,0,0,0,0,0,0,0,0,5183,4643,4643,4763,0,4898,0,5033,0,5160,0
600,0,0,0,0,0,0,0,0,0,0,0,0,0,0,0,0,177,207,181,0,185,0,220,0,224,0
600,0,0,0,0,0,0,0,0,0,0,0,0,0,0,0,0,4,4,4,0,4,0,4,0,4,0
600,0,0,0,0,0,0,0,0,0,0,0,0,12,0,0,0,0,0,0,0,0,0,0,0,0,0
600,0,0,0,127,569,129,131,131,1646,1288,630,1287,625,1305,1090,1322,1182,1307,576,0,604,0,617,0,629,0
600,0,0,0,17,319,19,18,18,165,330,1138,335,171,347,301,376,335,354,161,0,168,0,170,0,173,0
600,0,0,600,704,100,718,730,730,729,1458,756,1103,1536,1125,1064,1116,927,927,136,0,138,0,140,0,143,0
600,0,0,0,0,0,0,0,0,40,0,0,15,0,409,23,432,55,55,56,0,57,0,58,0,60,0
600,0,0,0,0,0,0,0,0,0,0,49,0,37,51,36,36,98,417,99,0,100,0,101,0,102,0
600,0,0,0,0,0,0,3,0,60,0,0,0,0,0,0,0,0,0,0,0,0,0,0,0,0,0
600,0,0,0,0,0,0,0,0,0,0,184,176,18,179,126,189,153,183,159,0,166,0,169,0,172,0
600,0,0,2800,6507,1259,1739,1354,1361,12959,2756,1424,2135,1508,2219,1978,2065,1560,1560,0,0,0,0,0,0,0,0
600,0,0,0,0,0,0,0,0,0,0,0,32,0,0,0,0,0,0,0,0,0,0,0,0,0,0
600,0,0,318,948,334,806,2385,2385,2362,4724,14209,2855,14008,3664,3220,3218,2494,2494,0,0,0,0,0,0,0,0
600,0,0,1154,12253,10790,12554,17858,17858,14518,29036,14100,24373,12867,22318,24243,24146,13298,13298,0,0,0,0,0,0,0,0
600,0,0,92,0,0,73,104,91,35,70,34,34,32,32,32,32,33,33,0,0,0,0,0,0,0,0
600,0,0,11,0,0,37,38,38,38,76,39,39,40,40,41,41,42,42,0,0,0,0,0,0,0,0
600,0,0,28,2832,232,0,0,0,0,0,0,0,0,0,0,0,0,0,0,0,0,0,0,0,0,0
600,0,0,1393,1649,1436,1187,1136,1136,9662,4470,1378,2936,4610,2776,2597,3370,2934,3322,1627,0,1701,0,1736,0,1771,0
600,0,0,517,0,0,0,0,0,700,1724,850,1318,1200,1722,973,1228,986,1182,214,0,225,0,230,0,235,0
600,0,0,0,48,0,24,24,27,28,56,27,59,25,58,48,58,53,59,30,0,31,0,32,0,33,0
600,0,0,2812,5663,2809,5785,5887,5887,5820,12040,5682,9130,5473,8945,7816,9056,7966,9236,2687,0,2881,0,2940,0,3000,0
600,0,0,801,2661,0,1041,1065,1070,3308,94,493,891,6808,159,1467,3402,1892,3100,1871,0,1935,0,1962,0,2008,0
600,0,0,93,0,0,0,0,0,0,0,0,0,0,0,0,0,0,0,0,0,0,0,0,0,0,0
600,0,0,0,65,0,0,30,30,36,72,4873,101,37,75,65,98,100,124,62,0,64,0,65,0,66,0
600,0,0,3932,0,4203,1368,2931,2931,2972,6072,3043,6382,3111,6403,3165,3229,3219,3284,0,0,0,0,0,0,0,0
600,0,0,250,0,291,121,193,197,286,288,139,161,238,164,164,191,174,192,43,0,47,0,49,0,49,0
600,0,0,0,0,0,0,0,0,83,176,253,207,84,181,220,236,244,250,161,0,162,0,165,0,169,0
600,0,0,0,0,0,0,0,0,0,32468,0,18087,0,19921,9938,31656,13358,42958,15160,0,15838,0,19186,0,16151,0
600,0,0,6300,8645,62849,12494,5279,14567,15138,10550,18781,43818,20513,46781,24406,38096,23577,35030,10056,0,12126,0,14085,0,14365,0
600,0,0,8102,3631,51460,9935,2717,5360,1092,2656,9764,9764,13154,13154,11847,11847,9765,9765,0,0,0,0,0,0,0,0
600,0,0,305844,39553,66118,16098,15285,50525,61236,107408,50510,78101,47752,82666,61188,79795,53062,99445,31022,0,29604,0,30197,0,30815,0
600,0,0,1462,3277,675,615,425,427,5751,1206,376,759,506,1020,821,828,753,805,185,0,155,0,130,0,132,0
600,0,0,772,1567,745,159,215,216,161,322,161,323,162,325,165,165,168,168,0,0,0,0,0,0,0,0
600,0,0,0,217,0,232,580,580,388,776,2446,636,394,641,772,764,714,714,312,0,317,0,323,0,331,0
600,0,0,227,6456,0,6541,7430,7430,5780,13560,5875,7728,12098,7900,11018,8281,17281,19281,12196,0,12395,0,12613,0,12874,0
600,0,0,5276,5989,920,4216,5322,5322,12813,11360,2416,3133,2769,3538,2973,3032,2898,2898,0,0,0,0,0,0,0,0
600,0,0,0,0,0,0,0,0,0,450,0,0,0,0,0,0,0,0,0,0,0,0,0,0,0,0
600,0,0,854,281,530,276,288,288,286,572,8584,502,738,1212,193,239,622,622,635,0,648,0,661,0,673,0
600,0,0,4232,11042,6150,11432,6202,6202,6630,17260,5973,14271,14501,12409,10683,12821,9622,12962,5664,0,5652,0,5751,0,5869,0
600,0,0,0,0,0,0,0,0,1938,0,0,0,1444,0,3,0,0,0,0,0,0,0,0,0,0,0
600,0,0,0,0,0,0,1830,1830,1472,4726,2805,4150,1427,4080,3286,4133,3526,4403,2117,0,2150,0,2188,0,2234,0
600,0,0,0,0,0,0,0,0,674,0,0,0,0,0,0,0,0,0,0,0,0,0,0,0,0,0
600,0,0,1197,0,1815,857,903,907,2294,1336,640,640,2083,596,607,607,617,617,0,0,0,0,0,0,0,0
600,0,0,0,0,0,27,29,29,21,42,20,20,19,19,19,19,19,19,0,0,0,0,0,0,0,0
600,0,0,0,0,0,0,0,0,0,2894,0,2934,0,2974,1575,3026,2089,3161,2131,0,2174,0,2217,0,2261,0
600,0,0,95,94,383,96,587,587,1045,924,449,898,867,854,621,802,792,792,364,0,372,0,355,0,370,0
600,0,0,278,140,256,184,161,161,161,322,478,80,40,80,69,107,106,106,65,0,67,0,37,0,38,0
600,0,0,98,0,158,177,174,174,81,352,83,302,83,304,204,347,245,349,165,0,169,0,149,0,174,0
600,0,0,2343,2595,2424,2085,3020,3020,4278,4642,3903,4624,3807,5062,4418,5156,4821,5221,2038,0,2131,0,2175,0,2218,0
600,0,0,0,15,0,19,23,23,26,52,30,30,34,34,35,35,36,36,0,0,0,0,0,0,0,0
600,0,0,0,5059,0,0,0,0,0,0,0,0,0,0,0,0,0,0,0,0,0,0,0,0,0,0
600,1328,700,306,403,570,416,267,440,300,850,200,1101,333,1131,761,1148,734,1071,238,0,243,0,248,0,253,0
600,0,0,0,439,0,541,8854,549,8761,7130,3167,7546,11532,4910,3994,4279,4216,5092,1038,0,1038,0,1987,0,2027,0
600,0,0,0,271,0,273,276,276,5278,15274,5280,15571,5283,13684,9290,13765,8629,12632,4423,0,4504,0,4587,0,4681,0
600,0,0,0,0,0,0,0,0,2400,5038,6228,5128,2450,9603,4226,9103,5078,8789,4409,0,4895,0,6407,0,6535,0
600,0,0,0,0,0,0,0,0,0,112,137,114,146,114,52,113,43,114,43,0,43,0,43,0,44,0
600,0,0,0,0,0,0,0,0,0,0,0,0,0,0,97,97,103,103,106,0,109,0,108,0,112,0
600,0,0,0,0,0,0,0,0,270,244,123,218,152,224,127,141,123,136,0,0,0,0,0,0,0,0
600,0,0,2954,0,2078,2085,2106,3326,6719,4834,3725,2745,2460,2587,2497,2635,2675,2675,449,0,470,0,479,0,489,0
600,0,0,2006,0,0,0,0,0,0,0,0,0,0,0,0,0,0,0,0,0,0,0,0,0,0,0
600,0,0,62,46,51,27,101,36,97,90,158,97,42,89,76,91,86,86,49,0,50,0,51,0,52,0
600,0,0,0,0,0,0,0,0,0,0,0,0,0,0,0,0,88,111,112,0,115,0,117,0,119,0
600,0,0,0,16,0,16,13,13,9,18,9,9,8,8,8,8,8,8,0,0,0,0,0,0,0,0
600,0,0,0,0,0,0,0,0,0,122,0,124,0,277,0,280,57,282,57,0,58,0,59,0,60,0
600,0,0,0,0,0,0,0,0,13,26,1,2,37,2,2,9,8,8,8,0,8,0,8,0,9,0
600,0,0,0,0,0,0,0,0,0,0,0,0,0,0,0,1,1,1,1,0,1,0,1,0,1,0
600,0,0,0,0,0,0,0,0,47,94,57,96,49,98,83,90,91,91,41,0,41,0,41,0,42,0
601,0,0,0,0,0,0,0,0,0,0,0,0,0,0,-4651,239,-8605,445,0,0,0,0,0,0,0,0
601,0,0,347,787,342,346,315,315,0,0,0,0,0,235,0,200,187,232,192,0,197,0,202,0,207,0
601,0,0,0,0,0,0,0,0,0,0,0,0,0,0,330,330,0,0,0,0,0,0,0,0,0,0
601,0,0,0,0,0,0,0,0,0,0,0,0,0,0,0,0,330,330,330,0,330,0,330,0,330,0
601,0,0,377,480,485,490,1977,1977,193,168,171,170,151,153,158,158,222,222,132,0,132,0,132,0,132,0
601,0,0,0,0,0,0,0,0,0,0,0,0,0,0,0,0,383,383,519,0,659,0,805,0,822,0
601,0,0,109,1045,70,1034,943,943,17926,22068,12756,23826,12664,21821,15639,18398,15062,17828,5883,0,5983,0,6055,0,6135,0
601,0,0,5456,953,5307,5354,16388,16388,43686,63472,19288,52853,17603,46154,9201,35928,8654,38918,6703,0,6718,0,6739,0,6878,0
601,0,0,0,0,0,0,114,114,315,336,299,1450,342,1458,1204,1465,1352,2326,1518,0,1710,0,1721,0,1380,0
601,0,0,194028,223226,205539,287901,250683,264384,344100,359100,385995,379427,386736,398852,394398,417900,389566,421077,197005,0,197849,0,201331,0,205501,0
601,0,0,16583,17591,17288,18003,20812,20839,29197,31198,31998,34938,30749,35809,33190,35030,36440,37417,21289,0,21623,0,22016,0,22911,0
601,0,0,0,0,0,0,0,0,0,0,0,0,3126,2606,2898,2645,2034,2034,1977,0,2046,0,2114,0,2177,0
601,0,0,0,83,108,0,0,0,0,0,0,0,0,0,0,0,0,0,0,0,0,0,0,0,0,0
601,0,0,584,93,349,647,590,590,1204,1310,1193,1337,1141,1222,1014,1351,1100,1440,468,0,641,0,606,0,625,0
601,0,0,665,764,992,1099,727,727,3362,3742,2868,4005,2304,3476,2834,3140,2541,3410,667,0,747,0,744,0,753,0
601,0,0,0,0,0,0,0,0,0,0,0,0,0,0,200,206,197,203,197,0,197,0,197,0,201,0
601,0,0,0,0,0,0,0,0,0,0,0,0,0,0,4958,5000,4286,4964,4490,0,4795,0,4914,0,4966,0
601,0,0,270,761,335,844,687,687,3640,4410,2630,3707,5204,3785,5609,3908,6547,6547,4587,0,4661,0,4743,0,4841,0
601,0,0,281,252,241,248,216,216,76,76,78,78,67,78,67,67,68,68,35,0,36,0,36,0,36,0
601,0,0,547,228,500,519,1853,1853,4610,5412,3276,5508,3245,4888,3598,4777,4432,6764,2053,0,1338,0,1577,0,1612,0
601,0,0,376,671,570,704,174,174,0,0,0,0,0,0,0,0,0,0,0,0,0,0,0,0,0,0
601,0,0,0,0,0,0,0,0,348,644,644,671,606,684,552,553,643,677,302,0,309,0,315,0,321,0
601,0,0,630,174,523,666,1232,1232,2512,2580,2352,2624,2295,2638,2073,2112,2471,2498,1121,0,1121,0,1121,0,1121,0
601,0,0,651,325,299,720,657,657,470,470,364,470,353,484,418,612,460,733,216,0,229,0,235,0,239,0
601,0,0,2526,833,517,1177,4026,4026,2746,2746,1398,1882,1251,1914,1647,1786,1740,1740,750,0,751,0,751,0,751,0
601,0,0,600,448,286,287,262,262,276,276,143,284,228,262,230,358,271,271,101,0,127,0,127,0,127,0
601,0,0,0,0,0,0,0,0,96,96,46,76,67,89,68,100,74,100,36,0,40,0,42,0,43,0
602,0,0,0,0,0,0,0,0,0,0,0,0,0,0,-549,25,-1009,44,0,0,0,0,0,0,0,0
602,0,0,533,295,495,302,651,651,1275,1340,1142,1576,1200,1681,1212,1474,1285,1312,554,0,563,0,579,0,586,0
602,0,0,3399,4629,4531,5059,5413,5413,10383,12714,11266,14401,11595,15797,10555,15239,13452,20710,6253,0,6480,0,6658,0,6745,0
602,0,0,0,0,0,0,0,0,0,8,128,68,28,106,45,64,0,5,0,0,0,0,0,0,0,0
602,0,0,0,0,0,0,0,0,0,0,0,0,0,0,0,0,245,243,249,0,253,0,256,0,457,0
602,0,0,6229,8720,6615,8808,7676,9076,13520,17440,13025,17650,12229,18030,12629,17237,14595,16225,6706,0,6706,0,6706,0,6706,0
602,0,0,0,0,0,0,0,0,291,0,372,0,224,0,611,611,497,1386,629,0,630,0,630,0,640,0
602,0,0,0,0,0,0,0,0,0,0,0,0,0,0,0,0,127,127,259,0,396,0,537,0,548,0
602,0,0,5794,4807,6871,6526,5630,4439,11499,13276,14083,22424,15923,20683,18288,19153,18315,18330,13828,0,14071,0,14337,0,14587,0
602,0,0,5736,0,2005,6518,5146,4134,9844,11182,10602,11694,10445,15725,10431,15736,16952,19577,15181,0,18462,0,23150,0,26438,0
602,0,0,1758,4372,2520,4498,4338,4338,3682,4310,4051,4786,4400,4960,5320,5322,4607,4902,2470,0,2487,0,2517,0,2536,0
602,146,294,0,0,0,0,0,0,0,2504,0,2489,0,2568,0,1212,0,1372,0,0,0,0,0,0,0,0
602,254,817,1535,1701,0,1739,0,1793,0,0,0,0,0,0,0,0,0,0,0,0,0,0,0,0,0,0
602,0,0,616,670,596,780,747,747,1348,2034,1444,2199,1300,2080,1317,2687,1446,3082,788,0,1280,0,1182,0,1206,0
602,0,0,0,0,0,0,0,0,0,0,0,0,493,505,311,525,371,521,385,0,402,0,410,0,418,0
602,0,0,25249,14605,15538,17544,17927,23373,30997,46672,32761,29570,32644,31643,22603,23653,22886,22916,8610,0,9489,0,9667,0,9856,0
602,0,0,973,568,104,1657,1124,1135,2481,1636,1872,1560,2289,1314,1037,1157,1200,1304,412,0,418,0,427,0,434,0
602,0,0,0,0,0,0,0,0,0,0,0,0,0,0,87,87,101,101,102,0,104,0,105,0,107,0
602,0,0,0,0,0,0,0,0,0,0,0,0,0,0,0,50,50,50,50,0,51,0,52,0,53,0
602,0,0,0,0,0,0,0,0,0,0,0,0,10,0,0,0,137,137,137,0,137,0,137,0,137,0
602,0,0,160,265,256,270,398,398,917,1060,952,1081,491,1159,551,1072,517,836,277,0,281,0,286,0,290,0
602,0,0,0,0,0,0,0,0,212,0,226,210,261,354,217,217,335,575,342,0,497,0,501,0,506,0
602,0,0,325,104,4,240,133,133,248,368,261,399,256,407,257,441,342,560,194,0,203,0,206,0,209,0
602,0,0,624,601,426,580,915,915,1543,2456,1834,2571,1529,2622,1556,2335,1682,2414,664,0,1081,0,1054,0,1079,0
602,0,0,0,0,0,0,0,0,0,0,0,0,0,0,0,0,209,344,214,0,233,0,248,0,254,0
602,0,0,1770,1796,1793,1888,2115,2115,2134,4446,2162,2252,2097,2284,2089,2096,2126,2429,0,0,0,0,0,0,0,0
602,0,0,1929,2395,1751,2430,2360,1682,3943,4918,3903,4958,4065,5070,3388,4879,3650,5294,1955,0,2166,0,2167,0,2210,0
602,0,0,1068,1045,1107,3012,2398,3382,5776,6870,7602,7847,7432,8414,5976,8355,7298,7824,3647,0,3833,0,3892,0,3966,0
602,0,0,0,325,0,475,132,132,321,420,279,415,264,469,305,465,314,492,161,0,163,0,166,0,169,0
602,0,0,955,2203,1424,2180,4400,2421,2937,5028,7059,7570,6179,8354,4760,6962,6160,7010,3374,0,3647,0,3941,0,3721,0
602,0,0,311,357,79,367,391,391,724,896,714,1090,704,1128,707,814,428,588,30,0,29,0,29,0,28,0
602,0,0,0,0,0,0,0,0,0,0,0,0,0,0,0,0,210,210,213,0,217,0,221,0,226,0
602,0,0,75,246,28,318,62,62,75,126,992,195,153,783,239,536,273,814,214,0,224,0,229,0,234,0
602,0,0,215,333,36,413,0,0,25,50,168,445,26,26,26,26,26,26,0,0,0,0,0,0,0,0
602,0,0,0,0,0,0,0,0,0,0,0,0,290,855,365,364,372,444,372,0,380,0,388,0,396,0
602,0,0,2611,2999,1505,3083,2507,5318,6848,10894,7578,8226,7909,8710,7324,8786,8221,8221,2299,0,2345,0,2397,0,2438,0
602,15,0,0,0,0,0,0,0,0,0,0,0,0,0,0,0,0,0,0,0,0,0,0,0,0,0
602,45,0,0,0,0,0,0,0,0,0,0,0,0,0,0,0,0,0,0,0,0,0,0,0,0,0
602,0,0,3329,13242,0,2813,2099,2099,3237,4892,3306,4666,4060,5539,3376,4589,3813,4647,1814,0,2295,0,2336,0,2382,0
602,0,0,0,0,0,0,1673,0,0,0,0,0,0,0,0,0,0,0,0,0,0,0,0,0,0,0
602,1482,0,1659,1046,1719,2039,1238,1238,2486,2486,2520,3055,2364,4680,2491,4233,2548,3025,1197,0,1224,0,1248,0,1277,0
602,0,0,1631,117,684,1292,1597,3032,3130,5946,3630,3755,3302,3923,3888,4019,4032,4143,527,0,544,0,544,0,616,0
602,0,0,509,497,275,490,445,445,380,358,291,365,298,373,370,391,394,404,213,0,217,0,219,0,223,0
602,6,0,0,0,0,0,0,0,0,0,0,0,0,0,0,0,0,0,0,0,0,0,0,0,0,0
602,31,0,0,0,0,0,0,0,0,0,0,0,0,0,0,0,0,0,0,0,0,0,0,0,0,0
602,0,0,0,1872,1451,2505,1632,1632,1923,3350,3341,3463,3483,4309,2721,3607,3203,3203,1365,0,1396,0,1422,0,1434,0
602,0,0,216,203,0,218,1610,328,2683,3238,3042,3382,2391,3710,1952,3753,2228,3099,1355,0,1385,0,1416,0,1441,0
602,0,0,0,0,0,1500,1749,0,0,0,0,0,0,0,0,0,0,0,0,0,0,0,0,0,0,0
602,0,0,1098,0,1607,0,1083,3719,1893,2074,1420,3603,1385,2119,3402,2937,4411,4050,1454,0,1483,0,1512,0,1543,0
602,0,0,0,0,0,0,1112,0,1107,2224,1513,2266,1197,2368,1366,2290,1591,2402,966,0,1066,0,1158,0,1083,0
602,0,0,999,755,570,762,715,715,2173,2302,2125,2368,1292,1878,2027,1973,2095,2164,871,0,885,0,901,0,920,0
603,0,0,0,0,0,0,0,0,0,0,0,0,0,0,-422,19,-1166,56,0,0,0,0,0,0,0,0
603,0,0,0,0,0,0,0,0,0,0,0,0,0,0,-538,28,-1179,62,0,0,0,0,0,0,0,0
603,0,0,0,0,709,1501,96,1364,2271,4324,0,5078,2620,4736,591,3311,663,3080,673,0,685,0,697,0,712,0
603,0,0,89,0,0,0,0,0,0,0,0,0,0,0,0,0,0,0,0,0,0,0,0,0,0,0
603,0,0,0,0,132,133,130,132,996,1146,1106,1150,586,595,596,606,619,619,8,0,4,0,6,0,6,0
603,0,0,0,0,1209,1323,926,1471,1807,2028,1801,1904,1788,1947,1415,2076,1514,2111,556,0,568,0,1047,0,996,0
603,0,0,0,0,0,0,0,0,0,588,0,602,10,616,252,630,322,644,322,0,322,0,322,0,328,0
603,0,0,0,374,0,382,280,371,530,572,516,5251,601,5258,2718,3412,3073,3073,3199,0,3247,0,3096,0,3158,0
603,0,0,0,0,0,0,0,0,0,604,0,618,0,634,0,648,292,623,292,0,224,0,292,0,298,0
603,0,0,0,0,0,0,0,0,0,5546,0,5674,2019,6615,0,2969,0,3037,0,0,0,0,0,0,0,0
603,0,0,0,0,92,84,185,955,313,356,273,354,282,363,342,370,240,256,57,0,58,0,58,0,58,0
603,0,0,708,2391,2765,2344,2734,2834,6262,7050,6984,7018,6731,7470,7277,7664,7244,7897,3944,0,3940,0,3900,0,3991,0
603,0,0,0,0,0,0,0,0,0,42282,0,43254,16152,38099,0,20999,10510,31836,11198,0,13132,0,11869,0,11817,0
603,0,0,0,0,0,0,0,0,0,3092,0,3164,0,3236,0,1665,0,1694,0,0,0,0,0,0,0,0
603,0,0,23708,30486,8787,30442,25257,25447,45950,50382,24354,49180,50404,51226,49527,51095,50425,52042,25320,0,25423,0,26250,0,26762,0
603,0,0,2124,443,605,523,513,529,1880,1014,1705,1029,1655,1053,1759,1766,1568,1568,1030,0,1045,0,1063,0,1084,0
603,0,0,0,0,0,0,0,0,0,0,0,0,0,0,0,85,117,117,119,0,122,0,123,0,125,0
603,0,0,0,0,0,0,0,129,0,4464,0,4596,1000,4656,0,3907,275,3800,307,0,333,0,1138,0,1035,0
603,0,0,0,0,0,0,0,0,0,238,0,242,0,248,0,254,0,245,0,0,0,0,0,0,0,0
603,0,0,0,0,1960,2025,1969,1999,3459,3960,3883,3939,3480,3799,3203,3238,3209,3389,1289,0,1344,0,1367,0,1388,0
603,0,0,0,0,0,0,0,0,0,0,0,0,0,0,0,0,343,343,349,0,370,0,389,0,397,0
603,0,0,0,0,0,0,0,0,0,734,0,376,0,384,0,393,0,402,0,0,0,0,0,0,0,0
603,0,0,0,0,4658,6304,4579,5723,10627,14346,10699,15829,11978,13699,11670,13544,12059,13549,5285,0,5251,0,5344,0,5458,0
603,0,0,0,0,0,0,0,0,0,0,0,0,383,480,370,370,303,303,307,0,312,0,317,0,325,0
603,0,0,0,0,5984,7072,4971,8023,10752,21760,10314,22478,14476,20125,11369,18678,11953,19045,6642,0,7424,0,8866,0,9064,0
603,0,0,0,0,0,0,0,0,0,0,0,0,205,263,230,230,252,252,128,0,130,0,132,0,135,0
603,0,0,0,0,62,107,84,247,156,3378,167,3571,183,3509,157,3744,597,3583,299,0,322,0,1526,0,1557,0
603,0,0,137,0,71,0,0,0,0,0,0,0,0,0,0,0,0,0,0,0,0,0,0,0,0,0
603,0,0,0,0,5260,5131,4655,7984,9423,15312,9698,16166,9375,14894,6265,11302,6605,11875,2035,0,2175,0,2924,0,2989,0
603,0,0,0,0,0,276,343,343,642,684,656,703,538,696,709,721,763,763,409,0,414,0,423,0,432,0
603,0,0,0,0,1238,459,0,1396,0,0,0,336,0,0,0,660,0,626,0,0,0,0,293,0,299,0
603,0,0,0,0,1467,1173,3694,3694,6237,7412,6679,7391,5985,7226,6111,7357,5561,6223,2551,0,2580,0,2602,0,2646,0
603,0,0,0,83,103,88,87,88,177,170,182,177,186,181,187,187,195,195,106,0,107,0,108,0,111,0
603,0,0,0,0,364,99,144,144,302,274,297,273,288,262,275,277,287,287,157,0,158,0,161,0,164,0
603,0,0,0,0,108,145,104,202,221,208,226,216,215,219,231,351,237,357,130,0,130,0,133,0,136,0
603,0,0,0,0,0,0,0,0,0,292,0,298,0,306,0,156,0,160,0,0,0,0,0,0,0,0
603,0,0,0,0,0,178,0,187,0,3194,0,3358,0,3320,0,1778,0,1819,0,0,0,0,0,0,0,0
603,0,0,0,83,104,88,258,258,476,434,509,444,503,484,444,486,382,382,138,0,138,0,136,0,138,0
603,0,0,0,0,731,434,525,525,1224,1076,1286,1116,1270,1098,1128,1137,1063,1063,502,0,510,0,519,0,530,0
603,0,0,0,0,0,0,0,0,0,766,0,784,0,802,0,605,174,594,114,0,139,0,183,0,187,0
603,0,0,0,0,0,210,0,218,0,206,0,318,0,188,0,290,87,282,88,0,70,0,91,0,93,0
604,0,0,0,0,0,0,0,0,0,0,0,0,0,0,0,0,-237,12,0,0,0,0,0,0,0,0
604,0,0,1481,2100,1478,3032,2271,3271,5650,8246,5995,8046,3280,7404,3960,4479,3280,3721,657,0,671,0,684,0,698,0
604,0,0,0,0,0,0,0,0,0,0,55,0,0,0,0,0,0,0,0,0,0,0,0,0,0,0
604,0,0,1673,3863,5,3948,59125,59125,69273,130296,74364,91897,31095,42108,24936,24670,26021,26021,5802,0,5919,0,6039,0,6160,0
604,0,0,8506,22031,4201,21907,25264,25264,45474,54798,40979,54427,36168,51822,48466,51996,46206,50437,13554,0,22937,0,23411,0,23899,0
604,0,0,150,477,289,568,1570,1570,2234,2648,1957,2567,1503,2665,2743,2731,2125,2274,797,0,805,0,822,0,838,0
604,0,0,0,0,0,0,0,0,95,0,8310,10032,5974,11724,24367,29916,28288,32328,29834,0,28271,0,32146,0,32802,0
604,0,0,141,142,0,146,148,152,213,308,254,314,247,318,272,324,299,330,143,0,150,0,170,0,172,0
604,0,0,0,0,0,0,0,0,0,0,0,0,0,0,40,62,105,105,107,0,109,0,76,0,79,0
604,0,0,0,0,0,0,0,0,0,0,0,0,0,0,55,86,60,105,64,0,96,0,72,0,75,0
604,0,0,0,0,0,0,0,0,0,0,0,259,0,269,73,122,60,60,61,0,60,0,54,0,54,0
605,0,0,0,0,0,0,0,0,0,0,0,0,0,0,-541,27,-919,43,0,0,0,0,0,0,0,0
605,0,16715,0,0,0,0,0,0,0,0,0,0,0,0,0,0,0,0,0,0,0,0,0,0,0,0
605,14529,0,17149,19062,18751,20477,18221,22669,32291,44806,34756,44506,36725,44364,37939,43930,37646,43659,20745,0,20980,0,21032,0,21499,0
605,799,993,832,812,0,227,0,149,0,0,0,0,0,0,0,0,0,0,0,0,0,0,0,0,0,0
700,0,0,0,0,0,0,0,0,0,0,0,0,0,0,-2412,79,-4562,147,0,0,0,0,0,0,0,0
700,0,1367,1255,1387,852,1471,1478,1493,0,0,0,0,0,0,0,0,0,0,0,0,0,0,0,0,0,0
700,0,0,192769,0,102087,42479,381636,402922,894601,807620,369872,818717,273615,738707,493208,594161,496798,624854,261879,0,265627,0,286170,0,299117,0
700,0,0,0,0,0,0,10355,10355,22177,18540,20003,19063,20003,25274,21590,21975,21894,24724,12067,0,12221,0,12397,0,12644,0
700,0,0,0,0,0,0,0,0,0,0,0,0,0,0,12443,12536,11824,12715,10811,0,10872,0,11178,0,11846,0
700,0,0,900,7718,3950,7763,6195,6195,16059,12448,14991,12546,9915,11940,9521,12014,11074,12454,4285,0,4128,0,4010,0,5020,0
700,0,0,52537,89629,74049,100582,96530,96530,148276,148522,143646,148150,136515,150583,124653,127780,126596,126596,56811,0,58141,0,59130,0,59854,0
700,25976,28458,16079,63726,28730,33694,21391,40506,30023,85728,42836,70337,37074,65119,42956,65985,39728,63686,18671,0,17896,0,18242,0,18593,0
700,0,0,0,0,0,0,0,0,0,0,0,0,49,0,0,0,0,0,0,0,0,0,0,0,0,0
700,0,0,0,0,0,0,0,0,0,0,0,0,0,0,0,0,10576,37773,19216,0,17915,0,17939,0,18039,0
700,0,0,0,0,0,0,0,0,129527,119160,121386,181488,46779,46779,45288,45288,45285,45285,0,0,0,0,0,0,0,0
700,0,0,0,0,0,0,0,0,12746,12746,6428,12856,10568,11975,10636,10763,9909,10075,3173,0,3020,0,2896,0,2767,0
700,0,0,0,358,0,363,303,303,310,620,44292,638,30982,656,513,662,337,337,0,0,0,0,0,0,0,0
700,0,0,0,0,0,0,454,454,1058,936,1012,895,1017,977,873,923,905,951,452,0,458,0,465,0,474,0
700,0,0,3754,2099,3839,2153,1631,1631,1545,3090,1597,3194,3796,3308,2442,3071,2473,3014,771,0,771,0,772,0,833,0
700,0,0,51117,200956,4143,31278,0,7217,7203,14586,4204,6880,3,7080,3,7303,303,7426,0,0,0,0,0,0,0,0
700,0,0,58335,47988,59166,50104,58312,58398,112663,137480,123778,144408,82203,116517,102118,114815,109890,123858,58889,0,49721,0,53261,0,54385,0
700,0,0,0,0,0,0,0,0,0,0,0,0,1264,0,0,0,0,0,0,0,0,0,0,0,0,0
700,0,0,935,1639,367,1645,1429,1429,1381,2762,1418,2836,3099,2688,2780,2780,2574,2810,988,0,966,0,941,0,1070,0
700,0,0,6033,1867,8688,1902,251,251,296,592,313,626,14491,654,2662,2876,3030,3030,2688,0,2730,0,2780,0,2838,0
700,0,0,0,521,0,358,211,211,159,318,114,114,69,69,70,70,71,71,0,0,0,0,0,0,0,0
700,0,0,0,0,0,0,0,0,0,0,0,0,0,0,0,0,180775,9,192535,0,202867,0,198342,0,202636,0
700,0,0,0,0,0,0,81006,86403,62466,138396,49830,106882,52726,168470,128393,258056,48683,288480,0,0,0,0,0,0,0,0
700,1915,1942,1845,2152,32,2340,2283,2461,0,0,0,0,0,0,0,0,0,0,0,0,0,0,0,0,0,0
700,0,0,12331,12756,3682,12578,10171,10171,10322,20644,10655,21324,10982,21984,15728,21784,17486,18809,6658,0,6657,0,6658,0,7571,0
700,0,0,9000,0,0,0,0,0,15000,0,0,0,0,0,0,0,0,0,0,0,0,0,0,0,0,0
700,0,0,0,0,0,0,0,0,5653,0,47194,0,111034,0,0,0,0,0,0,0,0,0,0,0,0,0
700,0,0,0,0,0,0,0,0,6989,0,8645,0,0,0,0,0,0,0,0,0,0,0,0,0,0,0
700,0,0,0,0,0,0,0,0,0,0,0,0,0,0,700,0,0,0,0,0,0,0,0,0,0,0
700,0,0,543,494,696,494,438,438,0,0,0,0,0,0,0,0,0,0,0,0,0,0,0,0,0,0
701,0,0,216558,0,362038,0,32938,152902,97738,320494,124238,305881,91849,325599,256648,336114,200033,296120,133620,0,135628,0,138217,0,141714,0
701,0,0,0,0,0,0,8347,8347,13632,17412,15021,17364,13063,17395,13311,15195,12411,13464,4581,0,4663,0,4753,0,4851,0
701,0,0,97851,87615,113857,138209,121466,131466,201868,261680,208069,265740,162459,231080,201843,230705,207094,234627,116470,0,118450,0,120464,0,122512,0
701,0,0,596,754,518,777,287,321,1634,1434,743,1486,756,876,841,891,782,782,0,0,0,0,0,0,0,0
701,0,0,17276,17445,21853,17904,15560,16960,46248,25810,13914,54257,11506,55522,26478,43643,35116,42886,23358,0,23360,0,23370,0,22925,0
701,0,0,735,0,0,0,0,0,769,0,401,0,233,0,0,0,0,0,0,0,0,0,0,0,0,0
701,0,0,0,3504,13,13,634,634,0,0,0,0,0,0,0,0,0,0,0,0,0,0,0,0,0,0
701,0,0,0,1808,0,1854,1347,1629,4453,3344,3900,3438,1698,3536,2549,3280,2580,3325,824,0,824,0,825,0,891,0
701,0,0,16452,172872,5290,9012,354,709,362,1450,372,372,378,940,0,391,0,398,0,0,0,0,0,0,0,0
701,0,0,46098,47967,68348,51183,44796,44796,68600,92988,69733,95098,70554,93097,84453,91593,80740,84594,44741,0,50665,0,46274,0,47061,0
701,0,0,0,0,0,0,0,0,5164,0,1059,1541,0,2907,901,1365,1107,1345,1147,0,1147,0,1148,0,1217,0
701,0,0,0,0,756,0,0,0,2205,0,0,0,0,0,0,0,0,0,0,0,0,0,0,0,0,0
701,0,0,5105,1455,5811,1485,1106,1240,1065,2186,1042,2296,1110,2410,3222,3312,3345,3444,2135,0,2157,0,2207,0,2253,0
701,0,0,41133,39659,38282,40848,31591,35475,35012,70024,35305,35305,32636,32636,32681,32681,33261,33261,0,0,0,0,0,0,0,0
701,0,0,0,104,0,94,0,0,0,0,0,0,0,0,4800,4800,4560,4729,4727,0,4728,0,4730,0,4582,0
701,0,0,3102,3108,3041,3151,2325,3197,0,0,0,0,0,0,0,0,0,0,0,0,0,0,0,0,0,0
701,0,0,0,0,8356,0,0,0,0,0,0,0,0,0,0,0,0,0,0,0,0,0,0,0,0,0
701,0,0,0,211,116,220,195,195,393,294,232,300,152,152,246,155,157,157,0,0,0,0,0,0,0,0
701,0,0,22,33,7,33,0,33,0,0,0,0,0,0,0,0,0,0,0,0,0,0,0,0,0,0
701,0,0,0,0,0,0,0,0,0,0,2460,3494,0,3594,4274,4413,3493,3857,3907,0,3897,0,3913,0,3929,0
701,0,0,1779,1813,386,1854,1380,1556,9,0,9,0,0,0,0,0,0,0,0,0,0,0,0,0,0,0
702,0,0,0,0,0,0,0,0,0,0,0,0,0,0,-115,6,-117,6,0,0,0,0,0,0,0,0
702,251,0,0,0,0,0,0,0,0,0,0,0,0,0,-445,24,-847,45,0,0,0,0,0,0,0,0
702,0,2541,0,0,0,0,0,0,0,0,0,0,0,0,-238,10,-363,18,0,0,0,0,0,0,0,0
702,0,0,2848,1098,0,85,0,0,0,0,0,0,0,0,0,0,0,0,0,0,0,0,0,0,0,0
702,0,0,10640,14356,9719,14463,10604,11643,15389,23752,15908,24466,8969,18877,10337,16390,11794,18202,4944,0,5018,0,5093,0,5169,0
702,0,0,318,253,268,251,244,249,622,848,596,862,604,876,446,446,453,453,0,0,0,0,0,0,0,0
702,0,0,8210,5977,6569,5972,6014,6039,0,824,0,240,0,62,0,6693,0,6693,0,0,0,0,0,0,0,0
702,0,0,4956,7633,416,2953,1084,1084,1964,2474,1884,10525,2255,2062,143,372,418,418,425,0,432,0,440,0,447,0
702,6907,6197,222,0,2094,0,7551,7551,18922,18318,15620,16306,16125,18036,15870,17599,17184,18679,8738,0,8879,0,9035,0,9220,0
702,0,0,45482,60903,47461,63085,28936,39510,62899,83782,34045,75379,59961,59138,35941,60841,39605,65731,22333,0,22408,0,22492,0,22622,0
702,0,0,4501,6999,5837,6706,5374,5379,7559,9876,8179,10022,7070,10198,5904,7578,6138,8837,3176,0,3287,0,3346,0,3372,0
702,0,0,158,291,93,317,0,323,0,0,0,0,0,0,0,0,0,0,0,0,0,0,0,0,0,0
702,0,0,0,0,0,0,0,0,706,656,1205,707,335,338,340,340,349,349,0,0,0,0,0,0,0,0
702,231,214,183,210,235,249,0,217,0,446,0,231,0,230,0,234,0,238,0,0,0,0,0,0,0,0
702,0,0,0,0,0,0,231,235,446,470,234,238,236,240,236,243,239,250,0,0,0,0,0,0,0,0
702,0,0,0,0,0,0,0,0,0,0,309,446,279,452,0,0,0,0,0,0,0,0,0,0,0,0
702,0,0,377,431,0,494,343,489,2110,1014,779,943,958,1032,785,836,849,862,498,0,506,0,506,0,515,0
702,3699,3744,3780,3852,3901,4592,4690,4965,8074,9450,7813,9019,7476,9302,7805,9138,8315,8315,3639,0,3739,0,3800,0,3879,0
702,0,0,0,0,0,0,0,0,0,0,420,4826,0,0,0,0,0,0,0,0,0,0,0,0,0,0
703,0,0,0,0,0,0,0,0,0,0,0,0,0,0,-5362,174,-10567,344,0,0,0,0,0,0,0,0
703,0,0,40283,1504,23999,411861,104528,132389,152023,304046,730007,316295,687519,250181,221776,223859,280738,296126,135352,0,135395,0,137435,0,141162,0
703,0,0,6377,3333,4194,3690,3494,3494,3496,6992,3528,7152,8856,7986,6054,7976,5936,7399,2236,0,2218,0,2217,0,2955,0
703,0,0,5,0,0,0,0,0,0,0,0,0,0,0,0,0,0,0,0,0,0,0,0,0,0,0
703,0,0,0,0,0,0,0,0,0,0,395,0,0,0,0,0,0,0,0,0,0,0,0,0,0,0
703,0,0,833,111535,4189,12240,198,198,202,404,205,205,207,207,207,207,210,210,0,0,0,0,0,0,0,0
703,0,0,1149,0,0,0,0,0,0,0,0,0,156,260,208,264,2207,3024,3019,0,2232,0,2701,0,2819,0
703,0,0,0,0,0,974,938,938,938,1876,2898,1918,958,1953,2271,2268,2370,2420,1454,0,1478,0,1504,0,1535,0
703,0,0,504,0,1859,1240,2472,2472,22592,19544,19242,19661,9823,19745,18221,19849,18143,19826,6351,0,6078,0,5630,0,5740,0
703,0,0,0,0,0,0,0,0,0,0,0,0,5450,0,0,0,0,0,0,0,0,0,0,0,0,0
703,0,0,0,0,0,0,0,0,0,0,0,0,529,0,0,0,0,0,0,0,0,0,0,0,0,0
703,0,0,0,0,0,177,180,180,0,0,0,0,0,0,0,0,0,0,0,0,0,0,0,0,0,0
703,0,0,0,0,0,0,0,0,0,0,0,0,2356,0,0,0,0,0,0,0,0,0,0,0,0,0
800,0,0,0,0,0,0,0,0,0,0,0,0,0,0,-2612,135,-4947,259,0,0,0,0,0,0,0,0
800,37,37,20,20,20,23,25,25,28,56,58,58,65,130,65,131,73,269,48,0,53,0,54,0,55,0
800,15,15,12,12,14,14,15,15,32,34,34,34,31,36,30,36,18,19,0,0,0,0,0,0,0,0
800,0,0,0,0,0,0,0,0,0,0,0,0,0,0,0,0,13,13,15,0,16,0,16,0,16,0
800,0,0,21703,0,0,0,0,0,63032,12926,55659,14024,31226,10502,8658,9555,9633,9633,3132,0,3148,0,3238,0,3238,0
800,19,19,19,15,17,17,19,19,33,42,44,42,37,34,35,35,35,36,13,0,13,0,16,0,16,0
800,182,163,113,116,0,0,0,0,0,0,0,0,0,0,0,172,0,176,0,0,0,0,0,0,0,0
800,1300,0,0,0,0,0,0,0,0,0,0,0,0,0,0,0,0,0,0,0,0,0,0,0,0,0
800,0,0,139349,0,39255,0,0,0,236167,231514,111580,231949,235521,255942,243869,258392,241134,263525,127548,0,127767,0,129898,0,132584,0
800,0,0,2581,0,0,0,0,0,7573,7810,8066,9365,7127,9603,8412,9051,9226,9678,5063,0,5115,0,5166,0,5225,0
800,0,0,0,0,0,0,0,0,3,0,0,0,0,0,0,0,0,0,0,0,0,0,0,0,0,0
800,0,110,85,85,85,97,106,107,199,236,169,240,194,223,194,226,211,238,89,0,93,0,95,0,97,0
800,352,348,503,269,801,306,335,338,819,744,878,767,705,775,663,789,734,979,355,0,378,0,386,0,394,0
800,906,917,1019,677,1214,762,840,847,1221,1876,1781,1934,1702,1989,1677,2024,1855,2294,899,0,957,0,976,0,996,0
800,120,130,101,101,0,115,125,126,138,678,142,688,234,493,296,498,301,505,155,0,141,0,144,0,147,0
800,0,0,0,0,39,0,0,0,199,272,224,278,130,141,132,143,134,146,0,0,0,0,0,0,0,0
800,315,340,182,227,161,248,251,271,818,592,783,598,828,995,497,949,548,963,256,0,273,0,278,0,284,0
800,0,0,163,0,175,0,0,0,0,346,0,177,0,180,0,183,0,186,0,0,0,0,0,0,0,0
800,3089,6670,2527,5145,1208,5244,997,5009,2739,11440,2361,11594,2765,11689,2765,11792,3051,11659,1474,0,1568,0,1600,0,1632,0
800,365,434,290,335,303,380,104,105,115,232,241,237,120,121,122,123,124,126,0,0,0,0,0,0,0,0
800,0,0,0,0,0,0,0,0,0,0,0,0,79,122,103,122,106,6,108,0,110,0,112,0,114,0
800,424,394,304,304,201,345,436,697,920,1536,890,1579,889,1770,928,1800,956,1299,420,0,448,0,455,0,460,0
800,0,0,0,0,0,0,0,0,0,0,0,0,12,133,93,100,102,102,104,0,106,0,108,0,110,0
800,0,0,0,0,0,0,0,0,134,258,140,264,132,133,134,135,136,138,0,0,0,0,0,0,0,0
800,942,944,730,729,573,829,861,866,1116,1916,1315,1960,1215,1455,1325,1475,1412,1431,406,0,415,0,423,0,432,0
800,105,0,25,0,0,0,86,86,118,176,93,179,156,207,156,210,173,183,83,0,89,0,91,0,93,0
800,0,0,0,0,0,0,0,0,0,0,0,0,0,100,0,100,0,0,0,0,0,0,0,0,0,0
800,0,0,0,0,0,0,17,0,10,136,3,139,0,163,13,133,16,201,17,0,17,0,17,0,17,0
800,0,0,0,0,18,0,50,50,51,102,55,105,72,93,91,95,88,88,34,0,35,0,37,0,40,0
800,0,0,64,0,50,98,45,97,50,198,46,204,36,130,49,129,49,115,22,0,22,0,22,0,22,0
900,0,0,0,0,0,0,0,0,0,0,0,0,0,0,-227,9,-672,30,0,0,0,0,0,0,0,0
900,0,0,0,0,0,0,0,0,0,0,0,0,0,0,-675,35,-1461,74,0,0,0,0,0,0,0,0
900,0,0,0,0,0,0,0,0,0,0,0,0,0,0,-461,25,-1020,54,0,0,0,0,0,0,0,0
900,0,0,0,0,0,0,0,0,0,0,0,0,0,0,0,0,-86,4,0,0,0,0,0,0,0,0
900,0,0,0,0,358,86,86,86,393,172,85,86,85,86,86,87,87,88,0,0,0,0,0,0,0,0
900,0,0,356,0,0,273,272,273,271,546,271,273,271,273,276,278,281,282,0,0,0,0,0,0,0,0
900,0,0,1908,5839,1813,2186,2655,2655,3423,4604,6626,10486,5984,16151,11015,14624,15313,16354,11055,0,12120,0,12682,0,11916,0
900,0,0,2178,0,2718,3982,4034,4034,8144,10144,8013,10302,8299,21374,13788,21311,19698,21393,14094,0,16215,0,16207,0,16542,0
900,0,0,51392,47401,83676,45282,52917,52917,147371,117822,152083,132946,55912,73633,74065,84695,81116,84482,21589,0,30281,0,31566,0,32162,0
900,0,0,35058,29221,7177,28126,27426,27426,27404,56044,27595,47265,121669,103308,78005,91000,86323,91638,62064,0,67330,0,68131,0,69721,0
900,0,0,305,942,569,570,591,597,1177,1130,1029,751,702,863,1291,1488,1330,1520,791,0,803,0,816,0,833,0
900,0,0,411,0,308,308,160,160,369,496,290,626,798,648,216,310,243,748,278,0,121,0,127,0,134,0
900,0,0,0,0,0,0,0,0,0,0,0,0,0,0,0,3076,2776,2776,2870,0,2986,0,3071,0,3150,0
900,1568,1600,1535,1586,0,1744,0,1868,0,0,0,0,0,0,0,0,0,0,0,0,0,0,0,0,0,0
900,2124,2124,6250,3007,6922,4527,8946,8956,14106,17194,14080,17532,14493,17054,13819,15153,14952,15809,6894,0,8190,0,8339,0,8519,0
900,0,0,1111,1114,1200,1203,1181,1193,2911,2490,2384,2576,2674,2658,2132,6047,2350,4450,1126,0,2819,0,3004,0,3056,0
900,0,0,2768,2854,3500,2910,0,2944,0,0,0,0,0,0,0,0,0,0,0,0,0,0,0,0,0,0
900,0,0,4423,4855,4381,4796,4523,4708,4321,9804,4297,9744,4265,9988,6900,8160,7280,8429,2859,0,2976,0,2977,0,3042,0
900,0,0,0,0,0,0,0,0,2906,0,2552,0,2373,0,0,0,0,0,0,0,0,0,0,0,0,0
900,0,78,0,0,0,0,0,0,0,0,0,0,0,0,0,0,0,0,0,0,0,0,0,0,0,0
900,0,0,1051,1080,1103,1098,1075,1076,1929,2156,1796,2405,1199,2325,1741,2328,1895,2363,1032,0,1271,0,1276,0,1305,0
900,4530,8582,11823,2437,14899,10224,11212,12332,30447,26596,30122,25073,28634,28491,22022,28349,23208,25364,11842,0,14295,0,14433,0,14693,0
102 & 105,0,0,0,0,0,0,0,0,0,0,0,0,0,0,-1000,50,-1962,103,0,0,0,0,0,0,0,0
102 & 105,0,0,0,5485,0,4388,170,170,171,350,172,381,173,501,395,452,460,466,284,0,288,0,297,0,303,0
102 & 105,0,0,0,101,0,102,777,2110,0,1570,0,867,0,1392,0,1155,0,1193,0,0,0,0,0,0,0,0
102 & 105,0,0,0,1881,0,1884,0,0,0,0,0,0,0,0,0,0,0,0,0,0,0,0,0,0,0,0
102 & 105,0,0,35898,51768,12743,69099,41025,41824,39542,90942,40194,89354,93580,88313,85184,87901,83624,87250,39897,0,38880,0,38742,0,38826,0
102 & 105,0,0,1979,1997,952,4126,3377,4385,7420,7126,7710,7684,7378,7923,6018,7108,6308,7027,3093,0,3075,0,3227,0,3244,0
102 & 105,0,0,0,0,0,0,0,0,0,0,0,0,0,196,0,0,0,0,0,0,0,0,0,0,0,0
102 & 105,0,0,299,1914,305,1973,187,187,191,382,195,390,199,557,459,573,206,206,0,0,0,0,0,0,0,0
102 & 105,0,0,470,0,387,0,0,0,0,0,0,0,0,0,0,0,0,0,0,0,0,0,0,0,0,0
102 & 105,0,0,0,0,0,0,0,0,9,18,32,18,9,18,16,19,10,10,0,0,0,0,0,0,0,0
118 & 124,0,0,0,0,0,0,0,0,0,0,0,0,0,0,-1979,101,-3657,185,0,0,0,0,0,0,0,0
118 & 124,0,0,41,0,0,2131,0,0,0,0,0,0,0,0,0,0,1878,1878,617,0,630,0,643,0,656,0
118 & 124,0,0,2349,2539,2693,2942,2792,2792,5279,5416,5906,5917,6143,6159,6124,6325,6128,6128,3187,0,3239,0,3296,0,3363,0
118 & 124,0,0,3368,7350,3575,7433,5087,5422,8987,10838,8141,9950,6351,9922,8476,10158,9154,10263,4453,0,4573,0,4772,0,4849,0
118 & 124,0,0,0,0,30,0,66,66,81,134,80,129,83,121,106,133,90,90,17,0,18,0,19,0,20,0
118 & 124,0,0,0,134,0,137,0,0,53,0,0,0,0,0,0,0,0,0,0,0,0,0,0,0,0,0
118 & 124,0,0,6703,6939,8902,8559,7559,7559,13069,15732,13321,15872,14001,16162,16040,16295,16700,16936,8314,0,8292,0,8492,0,8611,0
118 & 124,0,0,134329,54952,110074,76595,76406,76592,167514,154190,161694,151718,168785,155550,157944,163630,162822,166151,87041,0,85015,0,85116,0,88363,0
118 & 124,0,0,7856,3965,5274,4684,6696,6757,12635,13778,11839,13269,12662,13037,12978,12995,14040,14040,7188,0,7438,0,7498,0,7673,0
118 & 124,0,0,0,0,0,0,0,0,0,0,0,0,0,0,0,3895,412,412,427,0,440,0,463,0,477,0
118 & 124,0,0,0,0,0,0,0,0,241,0,0,0,0,0,0,0,0,0,0,0,0,0,0,0,0,0
118 & 124,0,0,0,0,0,0,0,0,396,0,335,2153,2052,2192,2496,2510,4228,4228,4179,0,4243,0,4324,0,4417,0
118 & 124,0,0,0,0,0,0,0,0,114,0,133,363,251,370,385,387,402,402,416,0,431,0,445,0,462,0
118 & 124,0,0,663,308,659,314,187,187,192,384,196,392,200,200,205,205,208,208,0,0,0,0,0,0,0,0
118 & 124,0,0,0,0,0,0,0,0,0,0,0,0,0,0,0,0,31,31,0,0,0,0,0,0,0,0
118 & 124,0,0,0,0,0,0,186,0,0,0,0,0,0,0,0,0,6636,6636,0,0,0,0,0,0,0,0
118 & 124,0,0,0,0,0,0,515,515,1022,1072,1009,1096,1047,1141,1127,1156,1190,1217,648,0,669,0,691,0,715,0
118 & 124,0,0,0,0,0,0,0,0,0,0,0,0,0,0,0,0,542,542,0,0,0,0,0,0,0,0
118 & 124,0,0,0,0,0,0,0,0,0,0,0,0,0,0,0,0,4796,4796,0,0,0,0,0,0,0,0
253 & 254,0,0,0,0,0,0,0,0,0,0,0,0,0,0,-1060,54,-2368,123,0,0,0,0,0,0,0,0
253 & 254,0,0,89,0,0,0,0,0,0,0,0,0,0,0,0,0,0,0,0,0,0,0,0,0,0,0
253 & 254,0,0,265,207,208,212,206,366,753,792,912,808,703,824,826,838,848,935,431,0,438,0,445,0,454,0
253 & 254,0,0,0,0,0,0,0,0,1029,0,951,0,345,0,732,732,667,747,761,0,775,0,791,0,803,0
253 & 254,0,0,0,0,0,0,0,0,0,0,0,0,0,0,0,71,0,72,0,0,0,0,0,0,0,0
253 & 254,0,0,0,0,0,0,0,0,95,0,221,0,129,0,72,0,156,76,76,0,78,0,77,0,78,0
253 & 254,0,0,0,0,0,0,0,0,3832,0,3096,0,1400,0,5452,5452,4811,5561,5670,0,5779,0,5890,0,5985,0
253 & 254,0,0,0,0,0,0,0,0,0,0,0,0,0,0,0,319,0,325,0,0,0,0,0,0,0,0
253 & 254,0,0,0,0,0,0,0,0,414,0,470,0,529,0,325,0,1101,351,338,0,343,0,341,0,347,0
253 & 254,0,0,0,0,10,0,25,25,46,52,33,48,33,50,51,52,52,52,22,0,22,0,22,0,22,0
253 & 254,0,0,283396,381810,267853,265724,240751,241103,545410,567364,335646,555432,419015,512444,475151,482724,477257,484349,225532,0,229599,0,229697,0,234373,0
253 & 254,0,0,0,0,0,0,0,0,0,0,0,0,0,0,0,3351,4882,4882,6557,0,8435,0,8656,0,8871,0
253 & 254,0,0,0,0,0,0,0,0,73,0,86,109,81,110,111,111,88,88,89,0,91,0,93,0,94,0
253 & 254,0,0,1994,4090,546,3782,3852,3852,3924,7848,4408,4408,4096,4096,4166,4166,4237,4237,0,0,0,0,0,0,0,0
253 & 254,0,0,0,10,0,0,0,0,232,0,436,613,301,623,523,523,500,500,508,0,516,0,517,0,527,0
253 & 254,0,0,0,0,0,0,0,0,7,0,6,0,0,0,0,0,0,0,0,0,0,0,0,0,0,0
253 & 254,0,0,1003,692,868,685,0,0,0,0,0,0,0,0,0,0,0,0,0,0,0,0,0,0,0,0
253 & 254,0,0,230,333,273,338,344,346,827,710,808,724,564,738,747,750,673,677,298,0,301,0,304,0,307,0
901 & 902,0,0,0,0,0,0,0,0,0,0,0,0,0,0,-1062,69,-2019,129,0,0,0,0,0,0,0,0
901 & 902,0,356,60674,38387,75707,39043,37657,49237,83867,93918,76644,86216,79518,96099,92107,102948,91366,102776,51148,0,51536,0,52447,0,53555,0
901 & 902,0,0,0,0,0,0,1582,0,0,0,0,0,0,0,0,0,0,0,0,0,0,0,0,0,0,0
901 & 902,0,0,0,0,0,0,0,0,1,0,0,0,0,0,0,0,0,0,0,0,0,0,0,0,0,0
304,0,0,0,0,0,0,0,0,0,0,0,0,0,0,0,0,0,0,26174,26174,25167,26426,25636,26920,26092,27399
