Button2,ISS100,ISS102,ISS103,ISS104,ISS105,ISS106,ISS107,ISS109,ISS111,ISS112,ISS115,ISS116,ISS118,ISS121,ISS113,ISS250,ISS800,ISS803,ISS202,ISS251,ISS252,ISS253,ISS254,ISS201,ISS414,ISS411,ISS420,ISS200,ISS400,ISS402,ISS403,ISS404,ISS405,ISS406,ISS408,ISS500,ISS501,ISS502,ISS503,ISS504,ISS505,ISS506,ISS507,ISS510,ISS401,ISS600,ISS601,ISS602,ISS603,ISS604,ISS702,ISS900,ISS901,ISS902,ISS903,ISS904,ISS905,ISS906,ISS701,ISS703,ISS700,ISS300,ISS301,ISS302,ISS303,ISS304,ISS305,ISS306,ISS307,ISS308,ISS309
Y2010,0.207096689,-0.392511318,-0.392511318,-0.392511318,-0.392511318,-0.141013791,-0.153146107,0.609344192,0.098133654,0.444545312,1.36971746,1.36971746,0.695669529,0.438864202,-0.226119701,-0.296536584,-0.012389483,NA,0,-0.133720036,-0.05132307,-0.258899727,-0.258899727,-0.075169439,0.266663201,0,0,0.348660181,0,0,0,0,0,0,0,0,0,0,0,0,-0.663204389,0.85367886,-0.281401586,0,0,0.664816443,-0.099246524,-0.072979444,-0.214750924,-0.593277219,-0.201027146,0.167388,0.580587178,0.580587178,NA,NA,NA,NA,-0.250039873,-0.583571973,-0.358432839,0,0,0,0,0,0,0,0,NA,0
Y2011,0.763293611,-0.824461011,-0.824461011,-0.824461011,-0.824461011,-0.481454067,-0.660009563,-0.192705039,-0.73831409,0.013155497,0.381100196,0.381100196,0.156280128,-0.517149108,-0.497229178,-0.720033307,-0.079870739,NA,0,-0.032267024,-0.051205877,-0.003667576,-0.003667576,-0.006294395,-0.191443693,-0.000927644,-1.31928E-05,-0.427040129,0,0,0,0,0,0,0,0,0,0,0,0,-0.821485566,-0.079899218,-0.561463838,0,0,-0.117758649,-0.269863531,-0.360382485,-0.399112094,-0.813637173,-0.243608102,0.198564972,0.939067182,0.939067182,NA,NA,NA,NA,-0.014291605,-0.920403457,0.003724015,0,0,0,0,0,0,0,0,NA,0
Y2012,-0.153167514,-0.064508177,-0.064508177,-0.064508177,-0.064508177,-0.362046104,-0.114065321,-0.31073237,-0.089431443,-0.202389148,-0.002330155,-0.002330155,-0.009773655,-0.219562691,-0.42791551,-0.135508905,-0.502939481,NA,0,0.209575046,-0.017089748,-0.00209205,-0.00209205,-0.070518255,-0.025441131,-0.000784906,0,-0.501992373,0,0,0,0,0,0,0,0,0,0,0,0,-0.144539926,-0.152854671,-0.237545583,0,0,-0.581477657,-0.04352789,-0.123904164,-0.198076654,-0.005743819,-0.162362906,-0.050707362,-0.22786753,-0.22786753,NA,NA,NA,NA,-0.343298453,-0.199475911,-0.074726389,0,0,0,0,0,0,0,0,NA,0
Y2013,1.754510596,-0.916743037,-0.916743037,-0.916743037,-0.916743037,-0.952414629,-0.910635646,-0.875364873,-0.832451617,-0.470868905,0.186212106,0.186212106,0.014417975,-0.98864161,-0.92533222,0.051104112,0.38507502,NA,0,-0.215017596,-0.177718563,-0.086518287,-0.086518287,-0.17336636,-0.073146238,-1,0,-0.48163506,0,0,0,0,0,0,0,0,0,0,0,0,-0.171709905,-0.21033742,-0.523721485,0,0,-0.351319384,-0.087941474,-0.43062399,-0.516716189,-0.715288283,-0.204410506,-0.013842594,-0.09661414,-0.09661414,NA,NA,NA,NA,-0.543197158,-0.922971081,0.119896842,0,0,0,0,0,0,0,0,NA,0
Y2014,-0.859372862,-0.912771155,-0.912771155,-0.912771155,-0.912771155,-0.947445652,-0.893463378,-0.902072277,-0.968547452,-0.610974085,0.124198997,0.124198997,-0.015830188,-0.98872585,-0.849564426,-0.323513219,-0.586362299,NA,-0.873987854,-0.750490093,-0.831361668,-0.805673144,-0.805673144,-0.149098499,0.168795697,-0.628681178,0,-0.439884743,0,0,0,0,0,0,0,0,0,0,0,0,-0.216404475,-0.226211284,-0.256499966,0,0,-0.380136801,-0.016452849,-0.202384651,-0.741860777,-0.480281862,-0.668654298,-0.051002937,0.00934725,0.00934725,NA,NA,NA,NA,-0.621393542,2.311601097,-0.639480901,0,0,0,0,0,0,0,0,NA,0
Y2015,-0.133863753,0.216208115,0.216208115,0.216208115,0.216208115,0.025625495,0.645154648,0.20350372,-0.176371005,-0.121781066,0.180202049,0.180202049,0.047958345,0.02428551,0.068654539,-0.284115307,-0.019535126,NA,-0.990363128,-0.308069237,-0.315317614,-0.369574193,-0.369574193,-0.33375466,-0.341332762,-0.908972692,0,-0.359214788,0,0,0,0,0,0,0,0,0,0,0,0,-0.126817431,-0.276335061,-0.419357133,0,0,-0.397927721,-0.055281182,-0.307100011,-0.453066529,-0.560179811,-0.005702575,-0.169508951,-0.180679189,-0.180679189,NA,NA,NA,NA,-0.708135798,3.597333917,-0.689169939,0,0,0,0,0,0,0,0,NA,0
Y2016,-0.14036407,-0.017556786,-0.017556786,-0.017556786,-0.017556786,-0.177332509,-0.018750186,-0.05608019,-0.009596072,-0.214567162,-0.041975769,-0.041975769,-0.121513845,-0.012629989,-0.131245143,-0.053046156,-0.111034903,NA,-0.130123867,-0.143715415,-0.075385086,-0.038832264,-0.038832264,-0.134927072,-0.0312037,0.056410256,0,-0.107206778,0,0,0,0,0,0,0,0,0,0,0,0,-0.141240669,-0.265331928,-0.175945172,0,0,-0.158706079,-0.018902027,-0.317385689,-0.188450845,-0.127952256,-0.161330724,-0.279680694,0.001240671,0.001240671,NA,NA,NA,NA,-0.062732344,-0.069593528,-0.06933621,0,0,0,0,0,0,0,0,NA,0
Y2017,-0.11331094,-0.029096511,-0.029096511,-0.029096511,-0.029096511,-0.218485807,-0.033929026,-0.049835346,-0.067962617,-0.03711507,0,0,-0.01459238,-0.007717318,-0.055992928,-0.012061423,-0.113423335,NA,-0.098851227,-0.066259122,0.00807551,-0.023208408,-0.023208408,-0.073472677,-0.154616937,0,0,-0.037412926,0,0,0,0,0,0,0,0,0,0,0,0,-0.092391129,-0.13660428,-0.055900417,0,0,-0.19479731,-0.061214382,-0.109306138,-0.105961434,-0.103119394,-0.085693986,-0.068187457,0,0,NA,NA,NA,NA,-0.066409061,-0.127171305,0.201117386,0,0,0,0,0,0,0,0,NA,0
Y2018,0,0,0,0,0,0,0,0,0,0,0,0,0,0,0,0,0,NA,0,0,0,0,0,0,0,0,0,0,-0.205850845,-0.14903908,-0.073249162,-0.074588944,-0.024691358,-0.010656197,-0.370438477,0,0,0,-0.001751379,0,0,0,0,-0.089685814,-0.00023148,0,0,0,0,0,0,0,0,0,NA,NA,NA,NA,0,0,0,-0.051710401,-0.089669799,-0.087615576,0,0,-0.045694793,-0.047806469,-0.057081106,NA,-0.083798883
Y2019,0,0,0,0,0,0,0,0,0,0,0,0,0,0,0,0,0,NA,0,0,0,0,0,0,0,0,0,0,-0.177595042,-0.160003824,-0.07730191,-0.049714657,-0.074800187,-0.008378694,-0.127672838,0,0,-8.45201E-05,-0.002005977,0,0,0,0,-0.145097286,-0.000127847,0,0,0,0,0,0,0,0,0,NA,NA,NA,NA,0,0,0,-0.067240863,-0.055131755,-0.053258893,0,-0.047642473,-0.04983208,-0.046965007,-0.047625872,NA,-0.050001397
Y2020,0,0,0,0,0,0,0,0,0,0,0,0,0,0,0,0,0,NA,0,0,0,0,0,0,0,0,0,0,-0.186124743,-0.148666671,-0.219197755,-0.038753211,-0.08537281,-0.008438013,-0.12136397,0,0,0,-0.001963692,0,0,0,0,-0.075488287,0,0,0,0,0,0,0,0,0,0,NA,NA,NA,NA,0,0,0,-0.066199011,-0.054946582,-0.051268743,0,-0.04769688,-0.050363495,-0.046569526,-0.047599933,NA,-0.050004197
Y2021,0,0,0,0,0,0,0,0,0,0,0,0,0,0,0,0,0,NA,0,0,0,0,0,0,0,0,0,0,-0.212287457,-0.1386109,-0.159592511,-0.020921714,-0.084983904,-0.010364633,-0.12082447,0,0,0,-0.001924059,0,0,0,0,-0.074810664,0,0,0,0,0,0,0,0,0,0,NA,NA,NA,NA,0,0,0,-0.06593136,-0.047053389,-0.050757911,0,-0.047702471,-0.050170945,-0.046114963,-0.04731506,NA,-0.050005603
AVG,6.6,6.26,6.7,5.26,5.45,4.91,4.13,4.79,5.01,5.31,6.39,5.28,5.27,5.9,5.81,6.24,7.59,5.99,5.78,6.3,7.48,5.6,4.2,7.06,6.44,6.24,6.25,6.12,5.91,4.61,6.11,4.38,5.44,5.52,4.81,7.59,7.55,8.08,7.99,7.52,5.53,4.4,4.75,5.19,8.36,8,8.01,7.18,7.55,7.87,4.38,7.38,7.7,7.29,7.16,7.29,6.67,6.53,8.42,7.97,6.97,7.58,6.58,6.65,6.19,4.43,7.06,7.44,6.23,6.28,6.92
Def10,43960000,-6242500,-6242500,-6242500,-6242500,-3814000,-4308000,7108000,652000,14201000,26469333.33,26469333.33,26142333.33,17975000,-24380000,-15129000,-2130000,NA,0,-48665000,-30350000,-50127000,-50127000,-7076000,15391000,0,0,62429000,0,0,0,0,0,0,0,0,0,0,0,0,-295947000,121919000,-4931000,0,0,395488000,-24684000,-5304000,-7320000,-32705000,-20550000,17288000,11143500,11143500,NA,NA,NA,NA,-148934000,-68879000,-227626000,0,0,0,0,0,0,0,0,NA,0
Def11,130540000,-16893000,-16893000,-16893000,-16893000,-11708000,-17945000,-1828000,-13173000,361000,10435666.67,10435666.67,7510666.667,-30729000,-61552000,-73501000,-3831000,NA,0,-10456000,-30629000,-496500,-496500,-428000,-11684000,-88000,-1000,-63424000,0,0,0,0,0,0,0,0,0,0,0,0,-325848000,-15063000,-15511000,0,0,-76104000,-86396000,-27588000,-24183000,-45702000,-24668000,21309000,18332000,18332000,NA,NA,NA,NA,-9115000,-395941000,1077000,0,0,0,0,0,0,0,0,NA,0
Def12,-20851000,-785000,-785000,-785000,-785000,-7099000,-2780000,-7548000,-1326000,-9996000,-62000,-62000,-458000,-10393000,-42685000,-17461000,-4363000,NA,0,56759000,-9751000,-257000,-257000,-5157000,-1400000,-158000,0,-76217000,0,0,0,0,0,0,0,0,0,0,0,0,-46272000,-33656000,-7882000,0,0,-416652000,-13728000,-10374000,-12729000,-1008000,-12613000,-6147000,-5790000,-5790000,NA,NA,NA,NA,-137134000,-27861000,-47897000,0,0,0,0,0,0,0,0,NA,0
Def13,220549000,-11503750,-11503750,-11503750,-11503750,-18854000,-21919000,-15894000,-12431000,-23882000,5012333.333,5012333.333,688333.3333,-42824000,-82027000,5987000,52587000,NA,0,-63605000,-106645000,-12721000,-12721000,-61522000,-8012000,-83000,0,-76776000,0,0,0,0,0,0,0,0,0,0,0,0,-55855000,-47881000,-17563000,0,0,-302968000,-21902000,-73849000,-51127000,-137595000,-15526000,-1765000,-2268500,-2268500,NA,NA,NA,NA,-220921000,-153611000,78569000,0,0,0,0,0,0,0,0,NA,0
Def14,-81643000,-10929750,-10929750,-10929750,-10929750,-17433000,-19054000,-14278000,-14196000,-36166000,3333666.667,3333666.667,-735333.3333,-40429000,-65340000,-56411000,-81709000,NA,-3454000,-218596000,-439856000,-109721000,-109721000,-46433000,18169000,-491000,0,-62439000,0,0,0,0,0,0,0,0,0,0,0,0,-61421000,-49569000,-7478000,0,0,-302273000,-4059000,-31266000,-77520000,-58957000,-50349000,-6911000,180000,180000,NA,NA,NA,NA,-236439000,410649000,-391056000,0,0,0,0,0,0,0,0,NA,0
Def15,-12299000,2524500,2524500,2524500,2524500,550000,15665000,3392000,-3438000,-7803000,5048000,5048000,2275000,1018000,4895000,-45919000,-3071000,NA,-7091000,-93048000,-190344000,-46100500,-46100500,-104828000,-35046000,-699000,0,-45473000,0,0,0,0,0,0,0,0,0,0,0,0,-36686000,-68677000,-17691000,0,0,-329091000,-14238000,-52886000,-46370000,-68040000,-256000,-26380000,-4333500,-4333500,NA,NA,NA,NA,-276333000,427187000,-396700000,0,0,0,0,0,0,0,0,NA,0
Def16,-10826000,-208500,-208500,-208500,-208500,-4018000,-631000,-1063000,-129000,-12688000,-1275000,-1275000,-6521000,-368000,-9964000,-7098000,-17484000,NA,-1019000,-44541000,-40694000,-4699500,-4699500,-36929000,-2422000,44000,0,-14855000,0,0,0,0,0,0,0,0,0,0,0,0,-40093000,-64209000,-6264000,0,0,-124078000,-4957000,-52587000,-12065000,-15608000,-6183000,-43725000,33000,33000,NA,NA,NA,NA,-24536000,-5686000,-30082000,0,0,0,0,0,0,0,0,NA,0
Def17,-8602000,-330500,-330500,-330500,-330500,-4626000,-1067000,-908000,-909000,-1973000,0,0,-830000,-216000,-4054000,-1373000,-18139000,NA,-697000,-20301000,4283000,-2806500,-2806500,-16321000,-11110000,0,0,-3867000,0,0,0,0,0,0,0,0,0,0,0,0,-25758000,-32589000,-1702000,0,0,-157225000,-16561000,-17535000,-7803000,-12704000,-3739000,-10444000,0,0,NA,NA,NA,NA,-22514000,-19401000,100434000,0,0,0,0,0,0,0,0,NA,0
Def18,0,0,0,0,0,0,0,0,0,0,0,0,0,0,0,0,0,NA,0,0,0,0,0,0,0,0,0,0,-121635000,-24343000,-6492000,-8220000,-1708000,-532000,-11684000,0,0,0,-47000,0,0,0,0,-1413000,-102000,0,0,0,0,0,0,0,0,0,NA,NA,NA,NA,0,0,0,-3277500,-13445000,-8501500,0,0,-17481000,-6802000,-15952000,NA,-1000000
Def19,0,0,0,0,0,0,0,0,0,0,0,0,0,0,0,0,0,NA,0,0,0,0,0,0,0,0,0,0,-107575000,-26776000,-6875000,-5584000,-5269000,-431000,-4096000,0,0,-2000,-49000,0,0,0,0,-2267000,-56000,0,0,0,0,0,0,0,0,0,NA,NA,NA,NA,0,0,0,-4306833.333,-8304000,-5187833.333,0,-1259000,-19052000,-6661000,-13292000,NA,-596333.3333
Def20,0,0,0,0,0,0,0,0,0,0,0,0,0,0,0,0,0,NA,0,0,0,0,0,0,0,0,0,0,-115029000,-25305000,-19995000,-4451000,-6136000,-442000,-3972000,0,0,0,-49000,0,0,0,0,-1202000,0,0,0,0,0,0,0,0,0,0,NA,NA,NA,NA,0,0,0,-4268666.667,-8301000,-5004666.667,0,-1284000,-19252000,-6603000,-13281000,NA,-595666.6667
Def21,0,0,0,0,0,0,0,0,0,0,0,0,0,0,0,0,0,NA,0,0,0,0,0,0,0,0,0,0,-133964000,-24100000,-14867000,-2456000,-6230000,-554000,-4033000,0,0,0,-49000,0,0,0,0,-1215000,0,0,0,0,0,0,0,0,0,0,NA,NA,NA,NA,0,0,0,-4284000,-7130000,-4967000,0,-1307000,-19165000,-6532000,-13193000,NA,-595000
Size10,6,3,3,3,3,2,2,3,1,3,5,5,5,4,4,4,2,NA,0.7,6,5,6,6,3,4,0.7,0.7,7,0.7,0.7,0.7,0.7,0.7,0.7,0.7,0.7,0.7,0.7,0.7,0.7,12,9,2,0.7,0.7,13,4,3,3,5,4,4,3,3,NA,NA,NA,NA,9,7,11,0.7,0.7,0.7,0.7,0.7,0.7,0.7,0.7,NA,0.7
Size11,9,4,4,4,4,3,4,2,3,1,3,3,3,5,7,7,2,NA,0.7,3,5,1,1,1,3,1,1,7,0.7,0.7,0.7,0.7,0.7,0.7,0.7,0.7,0.7,0.7,0.7,0.7,12,4,4,0.7,0.7,7,8,5,4,6,4,4,4,4,NA,NA,NA,NA,3,13,2,0.7,0.7,0.7,0.7,0.7,0.7,0.7,0.7,NA,0.7
Size12,4,1,1,1,1,3,2,3,2,3,1,1,1,3,6,4,2,NA,0.7,6,3,1,1,3,2,1,0.7,7,0.7,0.7,0.7,0.7,0.7,0.7,0.7,0.7,0.7,0.7,0.7,0.7,6,5,3,0.7,0.7,14,3,3,3,2,3,3,3,3,NA,NA,NA,NA,9,5,6,0.7,0.7,0.7,0.7,0.7,0.7,0.7,0.7,NA,0.7
Size13,11,3,3,3,3,4,4,4,3,4,3,3,1,6,8,3,6,NA,0.7,7,9,3,3,7,3,1,0.7,7,0.7,0.7,0.7,0.7,0.7,0.7,0.7,0.7,0.7,0.7,0.7,0.7,6,6,4,0.7,0.7,12,4,7,6,9,4,2,2,2,NA,NA,NA,NA,11,10,7,0.7,0.7,0.7,0.7,0.7,0.7,0.7,0.7,NA,0.7
Size14,8,3,3,3,3,4,4,3,3,5,2,2,1,6,7,6,8,NA,2,11,14,9,9,6,4,1,0.7,7,0.7,0.7,0.7,0.7,0.7,0.7,0.7,0.7,0.7,0.7,0.7,0.7,7,6,3,0.7,0.7,12,2,5,7,6,6,3,1,1,NA,NA,NA,NA,11,14,13,0.7,0.7,0.7,0.7,0.7,0.7,0.7,0.7,NA,0.7
Size15,3,2,2,2,2,1,4,2,2,3,3,3,2,2,2,6,2,NA,3,8,10,6,6,9,5,1,0.7,6,0.7,0.7,0.7,0.7,0.7,0.7,0.7,0.7,0.7,0.7,0.7,0.7,5,7,4,0.7,0.7,12,3,6,6,7,1,5,2,2,NA,NA,NA,NA,12,14,13,0.7,0.7,0.7,0.7,0.7,0.7,0.7,0.7,NA,0.7
Size16,3,1,1,1,1,2,1,2,1,3,2,2,3,1,3,3,4,NA,2,6,6,2,2,5,2,1,0.7,3,0.7,0.7,0.7,0.7,0.7,0.7,0.7,0.7,0.7,0.7,0.7,0.7,6,7,3,0.7,0.7,9,2,6,3,4,3,6,1,1,NA,NA,NA,NA,4,3,5,0.7,0.7,0.7,0.7,0.7,0.7,0.7,0.7,NA,0.7
Size17,3,1,1,1,1,2,2,1,1,2,0.7,0.7,1,1,2,2,4,NA,1,4,2,2,2,4,3,0.7,0.7,2,0.7,0.7,0.7,0.7,0.7,0.7,0.7,0.7,0.7,0.7,0.7,0.7,5,5,2,0.7,0.7,10,4,4,3,3,2,3,0.7,0.7,NA,NA,NA,NA,4,4,9,0.7,0.7,0.7,0.7,0.7,0.7,0.7,0.7,NA,0.7
Size18,0.7,0.7,0.7,0.7,0.7,0.7,0.7,0.7,0.7,0.7,0.7,0.7,0.7,0.7,0.7,0.7,0.7,NA,0.7,0.7,0.7,0.7,0.7,0.7,0.7,0.7,0.7,0.7,9,4,3,3,2,1,3,0.7,0.7,0.7,1,0.7,0.7,0.7,0.7,2,1,0.7,0.7,0.7,0.7,0.7,0.7,0.7,0.7,0.7,NA,NA,NA,NA,0.7,0.7,0.7,2,3,3,0.7,0.7,4,3,4,NA,2
Size19,0.7,0.7,0.7,0.7,0.7,0.7,0.7,0.7,0.7,0.7,0.7,0.7,0.7,0.7,0.7,0.7,0.7,NA,0.7,0.7,0.7,0.7,0.7,0.7,0.7,0.7,0.7,0.7,9,5,3,3,3,1,2,0.7,0.7,1,1,0.7,0.7,0.7,0.7,2,1,0.7,0.7,0.7,0.7,0.7,0.7,0.7,0.7,0.7,NA,NA,NA,NA,0.7,0.7,0.7,2,3,3,0.7,2,4,3,3,NA,1
Size20,0.7,0.7,0.7,0.7,0.7,0.7,0.7,0.7,0.7,0.7,0.7,0.7,0.7,0.7,0.7,0.7,0.7,NA,0.7,0.7,0.7,0.7,0.7,0.7,0.7,0.7,0.7,0.7,9,5,4,2,3,1,2,0.7,0.7,0.7,1,0.7,0.7,0.7,0.7,2,0.7,0.7,0.7,0.7,0.7,0.7,0.7,0.7,0.7,0.7,NA,NA,NA,NA,0.7,0.7,0.7,2,3,3,0.7,2,4,3,3,NA,1
Size21,0.7,0.7,0.7,0.7,0.7,0.7,0.7,0.7,0.7,0.7,0.7,0.7,0.7,0.7,0.7,0.7,0.7,NA,0.7,0.7,0.7,0.7,0.7,0.7,0.7,0.7,0.7,0.7,9,4,3,2,3,1,2,0.7,0.7,0.7,1,0.7,0.7,0.7,0.7,2,0.7,0.7,0.7,0.7,0.7,0.7,0.7,0.7,0.7,0.7,NA,NA,NA,NA,0.7,0.7,0.7,2,3,2,0.7,2,4,3,3,NA,1
,,,,,,,,,,,,,,,,,,,,,,,,,,,,,,,,,,,,,,,,,,,,,,,,,,,,,,,,,,,,,,,,,,,,,,,
,,,,,,,,,,,,,,,,,,,,,,,,,,,,,,,,,,,,,,,,,,,,,,,,,,,,,,,,,,,,,,,,,,,,,,,
,,,,,,,,,,,,,,,,,,,,,,,,,,,,,,,,,,,,,,,,,,,,,,,,,,,,,,,,,,,,,,,,,,,,,,,
,,,,,,,,,,,,,,,,,,,,,,,,,,,,,,,,,,,,,,,,,,,,,,,,,,,,,,,,,,,,,,,,,,,,,,,
,,,,,,,,,,,,,,,,,,,,,,,,,,,,,,,,,,,,,,,,,,,,,,,,,,,,,,,,,,,,,,,,,,,,,,,
,,,,,,,,,,,,,,,,,,,,,,,,,,,,,,,,,,,,,,,,,,,,,,,,,,,,,,,,,,,,,,,,,,,,,,,
,,,,,,,,,,,,,,,,,,,,,,,,,,,,,,,,,,,,,,,,,,,,,,,,,,,,,,,,,,,,,,,,,,,,,,,
,,,,,,,,,,,,,,,,,,,,,,,,,,,,,,,,,,,,,,,,,,,,,,,,,,,,,,,,,,,,,,,,,,,,,,,
,,,,,,,,,,,,,,,,,,,,,,,,,,,,,,,,,,,,,,,,,,,,,,,,,,,,,,,,,,,,,,,,,,,,,,,
,,,,,,,,,,,,,,,,,,,,,,,,,,,,,,,,,,,,,,,,,,,,,,,,,,,,,,,,,,,,,,,,,,,,,,,
,,,,,,,,,,,,,,,,,,,,,,,,,,,,,,,,,,,,,,,,,,,,,,,,,,,,,,,,,,,,,,,,,,,,,,,
,,,,,,,,,,,,,,,,,,,,,,,,,,,,,,,,,,,,,,,,,,,,,,,,,,,,,,,,,,,,,,,,,,,,,,,
,,,,,,,,,,,,,,,,,,,,,,,,,,,,,,,,,,,,,,,,,,,,,,,,,,,,,,,,,,,,,,,,,,,,,,,
,,,,,,,,,,,,,,,,,,,,,,,,,,,,,,,,,,,,,,,,,,,,,,,,,,,,,,,,,,,,,,,,,,,,,,,
,,,,,,,,,,,,,,,,,,,,,,,,,,,,,,,,,,,,,,,,,,,,,,,,,,,,,,,,,,,,,,,,,,,,,,,
,,,,,,,,,,,,,,,,,,,,,,,,,,,,,,,,,,,,,,,,,,,,,,,,,,,,,,,,,,,,,,,,,,,,,,,
,,,,,,,,,,,,,,,,,,,,,,,,,,,,,,,,,,,,,,,,,,,,,,,,,,,,,,,,,,,,,,,,,,,,,,,
,,,,,,,,,,,,,,,,,,,,,,,,,,,,,,,,,,,,,,,,,,,,,,,,,,,,,,,,,,,,,,,,,,,,,,,
,,,,,,,,,,,,,,,,,,,,,,,,,,,,,,,,,,,,,,,,,,,,,,,,,,,,,,,,,,,,,,,,,,,,,,,
,,,,,,,,,,,,,,,,,,,,,,,,,,,,,,,,,,,,,,,,,,,,,,,,,,,,,,,,,,,,,,,,,,,,,,,
,,,,,,,,,,,,,,,,,,,,,,,,,,,,,,,,,,,,,,,,,,,,,,,,,,,,,,,,,,,,,,,,,,,,,,,
,,,,,,,,,,,,,,,,,,,,,,,,,,,,,,,,,,,,,,,,,,,,,,,,,,,,,,,,,,,,,,,,,,,,,,,
,,,,,,,,,,,,,,,,,,,,,,,,,,,,,,,,,,,,,,,,,,,,,,,,,,,,,,,,,,,,,,,,,,,,,,,
,,,,,,,,,,,,,,,,,,,,,,,,,,,,,,,,,,,,,,,,,,,,,,,,,,,,,,,,,,,,,,,,,,,,,,,
,,,,,,,,,,,,,,,,,,,,,,,,,,,,,,,,,,,,,,,,,,,,,,,,,,,,,,,,,,,,,,,,,,,,,,,
,,,,,,,,,,,,,,,,,,,,,,,,,,,,,,,,,,,,,,,,,,,,,,,,,,,,,,,,,,,,,,,,,,,,,,,
,,,,,,,,,,,,,,,,,,,,,,,,,,,,,,,,,,,,,,,,,,,,,,,,,,,,,,,,,,,,,,,,,,,,,,,
,,,,,,,,,,,,,,,,,,,,,,,,,,,,,,,,,,,,,,,,,,,,,,,,,,,,,,,,,,,,,,,,,,,,,,,
,,,,,,,,,,,,,,,,,,,,,,,,,,,,,,,,,,,,,,,,,,,,,,,,,,,,,,,,,,,,,,,,,,,,,,,
,,,,,,,,,,,,,,,,,,,,,,,,,,,,,,,,,,,,,,,,,,,,,,,,,,,,,,,,,,,,,,,,,,,,,,,
,,,,,,,,,,,,,,,,,,,,,,,,,,,,,,,,,,,,,,,,,,,,,,,,,,,,,,,,,,,,,,,,,,,,,,,
,,,,,,,,,,,,,,,,,,,,,,,,,,,,,,,,,,,,,,,,,,,,,,,,,,,,,,,,,,,,,,,,,,,,,,,
,,,,,,,,,,,,,,,,,,,,,,,,,,,,,,,,,,,,,,,,,,,,,,,,,,,,,,,,,,,,,,,,,,,,,,,
,,,,,,,,,,,,,,,,,,,,,,,,,,,,,,,,,,,,,,,,,,,,,,,,,,,,,,,,,,,,,,,,,,,,,,,
,,,,,,,,,,,,,,,,,,,,,,,,,,,,,,,,,,,,,,,,,,,,,,,,,,,,,,,,,,,,,,,,,,,,,,,
,,,,,,,,,,,,,,,,,,,,,,,,,,,,,,,,,,,,,,,,,,,,,,,,,,,,,,,,,,,,,,,,,,,,,,,
,,,,,,,,,,,,,,,,,,,,,,,,,,,,,,,,,,,,,,,,,,,,,,,,,,,,,,,,,,,,,,,,,,,,,,,
,,,,,,,,,,,,,,,,,,,,,,,,,,,,,,,,,,,,,,,,,,,,,,,,,,,,,,,,,,,,,,,,,,,,,,,
,,,,,,,,,,,,,,,,,,,,,,,,,,,,,,,,,,,,,,,,,,,,,,,,,,,,,,,,,,,,,,,,,,,,,,,
,,,,,,,,,,,,,,,,,,,,,,,,,,,,,,,,,,,,,,,,,,,,,,,,,,,,,,,,,,,,,,,,,,,,,,,
,,,,,,,,,,,,,,,,,,,,,,,,,,,,,,,,,,,,,,,,,,,,,,,,,,,,,,,,,,,,,,,,,,,,,,,
,,,,,,,,,,,,,,,,,,,,,,,,,,,,,,,,,,,,,,,,,,,,,,,,,,,,,,,,,,,,,,,,,,,,,,,
,,,,,,,,,,,,,,,,,,,,,,,,,,,,,,,,,,,,,,,,,,,,,,,,,,,,,,,,,,,,,,,,,,,,,,,
,,,,,,,,,,,,,,,,,,,,,,,,,,,,,,,,,,,,,,,,,,,,,,,,,,,,,,,,,,,,,,,,,,,,,,,
,,,,,,,,,,,,,,,,,,,,,,,,,,,,,,,,,,,,,,,,,,,,,,,,,,,,,,,,,,,,,,,,,,,,,,,
,,,,,,,,,,,,,,,,,,,,,,,,,,,,,,,,,,,,,,,,,,,,,,,,,,,,,,,,,,,,,,,,,,,,,,,
,,,,,,,,,,,,,,,,,,,,,,,,,,,,,,,,,,,,,,,,,,,,,,,,,,,,,,,,,,,,,,,,,,,,,,,
,,,,,,,,,,,,,,,,,,,,,,,,,,,,,,,,,,,,,,,,,,,,,,,,,,,,,,,,,,,,,,,,,,,,,,,
,,,,,,,,,,,,,,,,,,,,,,,,,,,,,,,,,,,,,,,,,,,,,,,,,,,,,,,,,,,,,,,,,,,,,,,
,,,,,,,,,,,,,,,,,,,,,,,,,,,,,,,,,,,,,,,,,,,,,,,,,,,,,,,,,,,,,,,,,,,,,,,
,,,,,,,,,,,,,,,,,,,,,,,,,,,,,,,,,,,,,,,,,,,,,,,,,,,,,,,,,,,,,,,,,,,,,,,
,,,,,,,,,,,,,,,,,,,,,,,,,,,,,,,,,,,,,,,,,,,,,,,,,,,,,,,,,,,,,,,,,,,,,,,
,,,,,,,,,,,,,,,,,,,,,,,,,,,,,,,,,,,,,,,,,,,,,,,,,,,,,,,,,,,,,,,,,,,,,,,
,,,,,,,,,,,,,,,,,,,,,,,,,,,,,,,,,,,,,,,,,,,,,,,,,,,,,,,,,,,,,,,,,,,,,,,
,,,,,,,,,,,,,,,,,,,,,,,,,,,,,,,,,,,,,,,,,,,,,,,,,,,,,,,,,,,,,,,,,,,,,,,
,,,,,,,,,,,,,,,,,,,,,,,,,,,,,,,,,,,,,,,,,,,,,,,,,,,,,,,,,,,,,,,,,,,,,,,
,,,,,,,,,,,,,,,,,,,,,,,,,,,,,,,,,,,,,,,,,,,,,,,,,,,,,,,,,,,,,,,,,,,,,,,
,,,,,,,,,,,,,,,,,,,,,,,,,,,,,,,,,,,,,,,,,,,,,,,,,,,,,,,,,,,,,,,,,,,,,,,
,,,,,,,,,,,,,,,,,,,,,,,,,,,,,,,,,,,,,,,,,,,,,,,,,,,,,,,,,,,,,,,,,,,,,,,
,,,,,,,,,,,,,,,,,,,,,,,,,,,,,,,,,,,,,,,,,,,,,,,,,,,,,,,,,,,,,,,,,,,,,,,
,,,,,,,,,,,,,,,,,,,,,,,,,,,,,,,,,,,,,,,,,,,,,,,,,,,,,,,,,,,,,,,,,,,,,,,
,,,,,,,,,,,,,,,,,,,,,,,,,,,,,,,,,,,,,,,,,,,,,,,,,,,,,,,,,,,,,,,,,,,,,,,
,,,,,,,,,,,,,,,,,,,,,,,,,,,,,,,,,,,,,,,,,,,,,,,,,,,,,,,,,,,,,,,,,,,,,,,
,,,,,,,,,,,,,,,,,,,,,,,,,,,,,,,,,,,,,,,,,,,,,,,,,,,,,,,,,,,,,,,,,,,,,,,
,,,,,,,,,,,,,,,,,,,,,,,,,,,,,,,,,,,,,,,,,,,,,,,,,,,,,,,,,,,,,,,,,,,,,,,
,,,,,,,,,,,,,,,,,,,,,,,,,,,,,,,,,,,,,,,,,,,,,,,,,,,,,,,,,,,,,,,,,,,,,,,
,,,,,,,,,,,,,,,,,,,,,,,,,,,,,,,,,,,,,,,,,,,,,,,,,,,,,,,,,,,,,,,,,,,,,,,
,,,,,,,,,,,,,,,,,,,,,,,,,,,,,,,,,,,,,,,,,,,,,,,,,,,,,,,,,,,,,,,,,,,,,,,
,,,,,,,,,,,,,,,,,,,,,,,,,,,,,,,,,,,,,,,,,,,,,,,,,,,,,,,,,,,,,,,,,,,,,,,
,,,,,,,,,,,,,,,,,,,,,,,,,,,,,,,,,,,,,,,,,,,,,,,,,,,,,,,,,,,,,,,,,,,,,,,
,,,,,,,,,,,,,,,,,,,,,,,,,,,,,,,,,,,,,,,,,,,,,,,,,,,,,,,,,,,,,,,,,,,,,,,
,,,,,,,,,,,,,,,,,,,,,,,,,,,,,,,,,,,,,,,,,,,,,,,,,,,,,,,,,,,,,,,,,,,,,,,
,,,,,,,,,,,,,,,,,,,,,,,,,,,,,,,,,,,,,,,,,,,,,,,,,,,,,,,,,,,,,,,,,,,,,,,
,,,,,,,,,,,,,,,,,,,,,,,,,,,,,,,,,,,,,,,,,,,,,,,,,,,,,,,,,,,,,,,,,,,,,,,
,,,,,,,,,,,,,,,,,,,,,,,,,,,,,,,,,,,,,,,,,,,,,,,,,,,,,,,,,,,,,,,,,,,,,,,
